,loss,reconstruction_loss,kl_loss
0,0.0639910846948623,0.0521167702972888,0.0117951007559895
1,0.0435775481164455,0.0408799536526203,0.0026876595802605
2,0.0288603380322456,0.0276591647416353,0.0011970384512096
3,0.0275950226932764,0.0263626892119646,0.0012249246938154
4,0.0212930385023355,0.0210127849131822,0.0002789480495266
5,0.0183765441179275,0.0182427670806646,0.0001334408152615
6,0.0145631562918424,0.0144770313054323,8.589529898017645e-05
7,0.0115661239251494,0.0115033909678459,6.264654075494036e-05
8,0.0099220741540193,0.0098750991746783,4.707241168944165e-05
9,0.0084737641736865,0.008436506614089,3.741538603208028e-05
10,0.0076963738538324,0.0076654399745166,3.092139013460837e-05
11,0.0071254149079322,0.0071011991240084,2.418106851109769e-05
12,0.0063399393111467,0.0063199521973729,1.997319850488566e-05
13,0.0060063214041292,0.0059894751757383,1.68211008713115e-05
14,0.0049361381679773,0.0049221036024391,1.4010369341121988e-05
15,0.004415763542056,0.0044018449261784,1.390858324157307e-05
16,0.0039722984656691,0.0039516445249319,2.089653753500897e-05
17,0.0035848233383148,0.0035614289809018,2.330425377294887e-05
18,0.0033215433359146,0.0033032712526619,1.824307946662884e-05
19,0.0029120719991624,0.0028976777102798,1.4406954505830072e-05
20,0.0023584656883031,0.0023467112332582,1.173725468106568e-05
21,0.0023180786520242,0.0023082843981683,9.774833415576722e-06
22,0.0021321864333003,0.0021237828768789,8.385401088162325e-06
23,0.0020630180370062,0.0020537415985018,9.267945642932318e-06
24,0.0017554602818563,0.0017467745346948,8.71336305863224e-06
25,0.0014320013578981,0.0014241313328966,7.848024324630387e-06
26,0.0013807145878672,0.0013740875292569,6.622679393331055e-06
27,0.0013267255853861,0.0013194549828767,7.261391147039831e-06
28,0.0013510580174624,0.0013447210658341,6.353060143737821e-06
29,0.0011354739544913,0.0011270089307799,8.428620276390575e-06
30,0.001070431433618,0.0010644651483744,5.966623120912118e-06
31,0.000940567231737,0.0009342237608507,6.331107215373777e-06
32,0.0008663942571729,0.0008611791417934,5.247503395366948e-06
33,0.0008515329100191,0.0008452188922092,6.327508344838861e-06
34,0.000806936470326,0.0008017063373699,5.221768788032932e-06
35,0.0009394377702847,0.0009352986235171,4.138362783123739e-06
36,0.0008788302075117,0.0008748495602048,3.981391728302697e-06
37,0.0008652668911963,0.0008613019599579,3.96636278310325e-06
38,0.0008563044248148,0.0008523824508301,3.925526016246295e-06
39,0.0008692048722878,0.0008640696760267,5.139737822901225e-06
40,0.0007691034697927,0.0007647357997484,4.3814879973069765e-06
41,0.0007325921324081,0.0007283244049176,4.260454261384439e-06
42,0.0006301873363554,0.0006267913850024,3.387664719411987e-06
43,0.0006280987290665,0.0006245591212064,3.537114707796718e-06
44,0.000576828198973,0.0005736894090659,3.1358581509266514e-06
45,0.0005374767351895,0.0005313790752552,6.0689085330523085e-06
46,0.0005519902915693,0.0005481528351083,3.849978384096176e-06
47,0.0006392241339199,0.0006349278264679,4.287539468350587e-06
48,0.0006150673143565,0.0006120999460108,2.9656491733476287e-06
49,0.0005243645864538,0.0005216567660681,2.7058165414928226e-06
50,0.0004863291105721,0.0004839821485802,2.348491534576169e-06
51,0.0004716029798146,0.0004690982459578,2.499870788597036e-06
52,0.0005151952500455,0.0005127712502144,2.4214261884480948e-06
53,0.0004660925478674,0.0004638072568923,2.283054300278309e-06
54,0.0004304379690438,0.0004281029105186,2.3458298983314307e-06
55,0.0004488124686758,0.000446355290478,2.451455657137558e-06
56,0.0004442826611921,0.0004408384265843,3.4762322229653364e-06
57,0.0004063448286615,0.0004007990355603,5.508451067726128e-06
58,0.0003978458116762,0.000395390583435,2.453533852531109e-06
59,0.0003531048132572,0.0003489556547719,4.150907898292644e-06
60,0.0003104169154539,0.0003081989125348,2.215137101302389e-06
61,0.0003056182467844,0.0003029978252016,2.6067284579767147e-06
62,0.0003079586604144,0.0003059917653445,1.985642938961973e-06
63,0.0003429827629588,0.0003407983167562,2.1785015178465983e-06
64,0.0003386127937119,0.0003362371353432,2.36804203268548e-06
65,0.0003158716135658,0.0003140253829769,1.8439178575135884e-06
66,0.000291135336738,0.0002894105564337,1.724631488286832e-06
67,0.0002965054882224,0.0002931478957179,3.352827661728952e-06
68,0.0003211370494682,0.0003194591554347,1.6794017483334756e-06
69,0.0003977137967012,0.0003959654131904,1.7440214605812798e-06
70,0.0004298352869227,0.0004280102148186,1.8256891962664668e-06
71,0.0005479883984662,0.0005462684785015,1.7197828583448429e-06
72,0.0005978958797641,0.0005961749120615,1.7301724710705455e-06
73,0.000590075214859,0.0005868501029908,3.216849790987908e-06
74,0.0005811858572997,0.0005792505689896,1.929772906805738e-06
75,0.0005632922984659,0.000561220687814,2.0772245079569984e-06
76,0.0004790713137481,0.0004771898966282,1.8730602278083095e-06
77,0.0006381006096489,0.0006357138627208,2.382638513154234e-06
78,0.0004652242350857,0.0004631947085727,2.020056399487657e-06
79,0.0004317974089644,0.0004301802546251,1.6224093997152522e-06
80,0.0003452560631558,0.0003432883531786,1.961396492333733e-06
81,0.0003583007492125,0.0003564342914614,1.8604758906803909e-06
82,0.0003319615207146,0.0003298688970971,2.0865461465291446e-06
83,0.0003157025203108,0.0003142426721751,1.4622784192397376e-06
84,0.0002807400305755,0.0002789541031233,1.7767508779797936e-06
85,0.0002528922923374,0.0002516083768568,1.2940556644025492e-06
86,0.0002240650064777,0.0002229258534498,1.1373992947483202e-06
87,0.0002174664405174,0.0002163241006201,1.1420378314142e-06
88,0.0001959450601134,0.0001942319941008,1.7076879430533154e-06
89,0.0001750061783241,0.0001720101863611,2.9790087410219712e-06
90,0.000247713032877,0.000246455805609,1.2623982001969123e-06
91,0.0002572840021457,0.0002552475780248,2.026625452344888e-06
92,0.0002256559528177,0.000224465446081,1.1887187838510729e-06
93,0.0002630132366903,0.0002618952421471,1.1193284308319562e-06
94,0.0003129554679617,0.0003116037114523,1.3514521697288728e-06
95,0.0002895074139814,0.0002882004773709,1.306513809140597e-06
96,0.0002485110599081,0.0002462777192704,2.2206309040484484e-06
97,0.0002411850728094,0.000240179899265,1.0026824384112842e-06
98,0.0001995717175304,0.0001984524424187,1.114393626266974e-06
99,0.0001722933957353,0.0001710968936095,1.194403353110829e-06
100,0.0001713628298602,0.0001702418958302,1.1396284662623657e-06
101,0.0001618854585103,0.0001588635204825,3.008985686392407e-06
102,0.0001774705888237,0.0001750636438373,2.4039213712967467e-06
103,0.0002010519674513,0.0001992370234802,1.8038593907476752e-06
104,0.0001933274179464,0.000192493724171,8.350808684554067e-07
105,0.0002023760462179,0.0002015660720644,8.086473144430784e-07
106,0.0002358028723392,0.0002348158886888,9.904371154334513e-07
107,0.0002203946787631,0.0002183939213864,1.989553766179597e-06
108,0.00019897063612,0.000198086927412,8.929109185373818e-07
109,0.0001904936216305,0.0001882073993328,2.273396376040182e-06
110,0.0001930589933181,0.0001918794150697,1.174766339318012e-06
111,0.0002231057005701,0.0002215862914454,1.5257567156368168e-06
112,0.0002035373763646,0.000201449758606,2.0835148006881354e-06
113,0.000278831255855,0.000276795704849,2.0310858417360578e-06
114,0.0003095035499427,0.0003083132323808,1.185973133033258e-06
115,0.0003380386333446,0.0003372520732227,7.849371854717901e-07
116,0.0003656367480289,0.000364885199815,7.501676009269431e-07
117,0.0004028469265904,0.0004018108884338,1.0343040912630386e-06
118,0.0004502569790929,0.000449287937954,9.69144252849219e-07
119,0.0003759457322303,0.0003750020987354,9.543956593915937e-07
120,0.0002917534438893,0.0002901969128288,1.5487801192648476e-06
121,0.0002483855641912,0.0002476279332768,7.551305429842614e-07
122,0.0002028903109021,0.0002021762775257,7.133745612009079e-07
123,0.0001719809806672,0.0001708843192318,1.0908420335908886e-06
124,0.0001695211540209,0.0001685204770183,9.984808002627688e-07
125,0.0001757845748215,0.0001746605412336,1.117707256526046e-06
126,0.0003643536474555,0.000363298720913,1.054514314091648e-06
127,0.0003524549247231,0.0003515900461934,8.601979857303377e-07
128,0.0002815106709022,0.0002803145325742,1.199510165861284e-06
129,0.0002619680890347,0.0002607585338409,1.205605599352566e-06
130,0.0002648259687703,0.0002640322782099,7.954467378112895e-07
131,0.0003413360973354,0.000339404301485,1.919518581416924e-06
132,0.0002749272971414,0.0002740813361015,8.483851274831977e-07
133,0.0002498687244951,0.0002488809404894,9.833066769715515e-07
134,0.0002624655899126,0.0002616961137391,7.729086064500734e-07
135,0.0002256571897305,0.0002239229652332,1.7385170849593123e-06
136,0.0002247667725896,0.0002210139064118,3.753566033992684e-06
137,0.0001965178380487,0.0001951622834894,1.353458856101497e-06
138,0.0001919744390761,0.0001910274877445,9.421491995453836e-07
139,0.0002077238896163,0.0002049053582595,2.799253024932113e-06
140,0.0001927056437125,0.0001912209554575,1.4761392321815947e-06
141,0.0001662599534029,0.0001657270331634,5.321195430951775e-07
142,0.0001462847430957,0.0001457513717468,5.32762555849331e-07
143,0.0001185075598186,0.0001179530590889,5.541225505112379e-07
144,0.0001107089847209,0.0001102657188312,4.448928905276262e-07
145,9.88708998193033e-05,9.835988748818636e-05,5.113034262649307e-07
146,9.108168160310016e-05,9.062773460755123e-05,4.540943052688817e-07
147,8.452173642581329e-05,8.391698793275282e-05,6.049162379895279e-07
148,9.26065185922198e-05,9.20513120945543e-05,5.536739990930073e-07
149,8.406700362684205e-05,8.362007065443322e-05,4.467401026886364e-07
150,0.0001218335382873,0.0001213829600601,4.5373627699518693e-07
151,0.0001702806330285,0.0001696827384876,5.974883947601484e-07
152,0.0001788808731362,0.0001782044710125,6.742968139406003e-07
153,0.0002168714272556,0.0002158655552193,1.0009075595007744e-06
154,0.0002137841947842,0.0002133027301169,4.807427558262134e-07
155,0.0001976885396288,0.0001970602752408,6.279700528466492e-07
156,0.0001962108799489,0.000194768916117,1.443009978174814e-06
157,0.0002399784279987,0.0002388797001913,1.1022126500392917e-06
158,0.0002373422466916,0.0002362020459258,1.137188633038022e-06
159,0.0002321635547559,0.0002314060257049,7.552599754490075e-07
160,0.0002878121449612,0.0002867867297027,1.0206026672676671e-06
161,0.0003127374220639,0.0003122086636722,5.283729365146428e-07
162,0.0003126685041934,0.0003120555484201,6.122875220171409e-07
163,0.0003302912227809,0.0003295809146948,7.075876737872022e-07
164,0.0003511142567731,0.0003507727524265,3.415021296859777e-07
165,0.0003146648523397,0.0003142759669572,3.892410234129784e-07
166,0.0003414735256228,0.0003407613548915,7.121018938960333e-07
167,0.0003117638116236,0.000310768285999,9.88448050520674e-07
168,0.0003162409411743,0.0003155497252009,6.87313274738699e-07
169,0.0002351071598241,0.0002344772656215,6.308441129476705e-07
170,0.0002687206724658,0.000268155359663,5.634073545479623e-07
171,0.0002197248250013,0.0002192440297221,4.787017928720161e-07
172,0.0001935349137056,0.0001926727418322,8.594739142608887e-07
173,0.0001659319095779,0.0001650656195124,8.655073315821937e-07
174,0.0001263280864804,0.0001253576629096,9.658944009061088e-07
175,0.0001278021809412,0.0001271633955184,6.35169499219046e-07
176,0.0001210146219818,0.0001204898580908,5.229913426774147e-07
177,0.0001014569425024,0.0001010156993288,4.396840154186066e-07
178,8.572015940444544e-05,8.488634193781763e-05,8.287501032100408e-07
179,6.670654693152755e-05,6.599198241019621e-05,7.124598369045998e-07
180,5.443144982564263e-05,5.290488843456842e-05,1.540493485663319e-06
181,5.893618072150275e-05,5.661457180394791e-05,2.314848188689212e-06
182,5.197678547119722e-05,5.112463986733928e-05,8.46712680413475e-07
183,5.253642302704975e-05,5.210305971559137e-05,4.358360570222431e-07
184,5.2491661335807294e-05,5.180920561542735e-05,6.855597121102619e-07
185,5.7244684285251424e-05,5.680263348040171e-05,4.410479448324623e-07
186,6.491380918305367e-05,6.453233800129965e-05,3.821983796115092e-07
187,8.76547273946926e-05,8.731726848054677e-05,3.380372390893172e-07
188,8.522661664756015e-05,8.423079998465255e-05,9.92991203929705e-07
189,8.240703027695417e-05,8.17764739622362e-05,6.284580535975692e-07
190,7.891939458204433e-05,7.858284516260028e-05,3.3560218071215786e-07
191,0.0001268838386749,0.0001262725563719,6.12586006809579e-07
192,0.0001440965716028,0.0001436302554793,4.6541126152988e-07
193,0.0001794844283722,0.0001788566296454,6.251834179238358e-07
194,0.0002541643334552,0.000253541249549,6.30524539246835e-07
195,0.0003352474595885,0.0003345260920468,7.174455731728813e-07
196,0.0004860175831709,0.0004855871957261,4.2837046976274e-07
197,0.0004931506118737,0.0004927777335979,3.7164645050324907e-07
198,0.0005430640303529,0.0005426971474662,3.6520927437777573e-07
199,0.0006008820491842,0.0006003477028571,5.335574542186805e-07
200,0.0007514524040743,0.0007511054864153,3.452492194355728e-07
201,0.0010367661016061,0.0010364507324993,3.174444600517745e-07
202,0.0013461550697684,0.0013457528548315,4.00578471726476e-07
203,0.0019437060691416,0.0019431674154475,5.428040594779304e-07
204,0.0021077708806842,0.0021061524748802,1.607545186743664e-06
205,0.0014518798561766,0.001451197778806,6.776741656722152e-07
206,0.0008444517152383,0.0008441004320047,3.5060378422713256e-07
207,0.0006531590479426,0.0006527930963784,3.667780106297869e-07
208,0.0004465030797291,0.0004460332274902,4.67000262460715e-07
209,0.0002356479089939,0.0002351776784053,4.684542034283368e-07
210,0.0001629963371669,0.0001626887533348,3.078526731314924e-07
211,0.0001270122593268,0.0001265708415303,4.419667050115095e-07
212,0.0001084767136489,0.0001078589848475,6.152382638902054e-07
213,8.960590639617294e-05,8.898373926058412e-05,6.229059863471775e-07
214,7.854676368879154e-05,7.822750194463879e-05,3.1765929975335894e-07
215,6.218068301677704e-05,6.186861719470471e-05,3.139977593491494e-07
216,5.5257125495700166e-05,5.476992009789683e-05,4.84090833197115e-07
217,5.32704361830838e-05,5.279421748127788e-05,4.746017907564237e-07
218,4.795992936124094e-05,4.726125916931778e-05,7.016026870587666e-07
219,4.608781455317512e-05,4.575466300593689e-05,3.322348618439719e-07
220,4.521071969065815e-05,4.496600377024152e-05,2.445282518692693e-07
221,4.209262624499388e-05,4.1866282117553055e-05,2.2634077367911234e-07
222,4.107991480850615e-05,4.08405794587452e-05,2.386430537626439e-07
223,4.2974192183464766e-05,4.2628867959138006e-05,3.632443110745953e-07
224,4.035388701595366e-05,3.887898856191896e-05,1.468848722652183e-06
225,3.70991365343798e-05,3.598354305722751e-05,1.1087607845183811e-06
226,3.605298115871847e-05,3.567980456864461e-05,3.7804110775141453e-07
227,3.775177901843563e-05,3.706047209561802e-05,6.873262350381992e-07
228,3.2203159207711e-05,3.1832430977374315e-05,3.706475695253175e-07
229,3.223813109798357e-05,3.167285103700124e-05,5.709825927624479e-07
230,3.379809277248569e-05,3.260423545725644e-05,1.184058191938675e-06
231,4.1860217606881633e-05,4.11806940974202e-05,6.796021239097172e-07
232,5.475700891111046e-05,5.348482227418572e-05,1.2688958577200538e-06
233,5.891694672754966e-05,5.80484229431022e-05,8.635843187221326e-07
234,5.53562531422358e-05,5.487660018843599e-05,4.7656936885687173e-07
235,5.628098006127402e-05,5.589042120845989e-05,3.88200618317569e-07
236,5.324748781276867e-05,5.2886643970850855e-05,3.6084730936636333e-07
237,5.29794160684105e-05,5.21667861903552e-05,8.106093787318969e-07
238,4.779083974426612e-05,4.723179881693795e-05,5.795749302706099e-07
239,5.307574247126468e-05,5.023616904509254e-05,2.8246015517652268e-06
240,5.3068037232151255e-05,5.196990605327301e-05,1.0915246093645692e-06
241,7.363023905782029e-05,7.327931962208822e-05,3.5027798617193184e-07
242,6.759291864000261e-05,6.729426968377084e-05,3.0181715260368946e-07
243,6.874476821394637e-05,6.835671956650913e-05,3.872542890803743e-07
244,6.595081504201517e-05,6.568154640262946e-05,2.6830181809600617e-07
245,6.670144648524001e-05,6.646764813922346e-05,2.3281346273051895e-07
246,6.912364915478975e-05,6.890048098284751e-05,2.2374850061623877e-07
247,7.953406020533293e-05,7.925151294330135e-05,2.823740317126067e-07
248,8.858922956278548e-05,8.785518730292097e-05,7.34420041226258e-07
249,9.838512778514996e-05,9.745368879521266e-05,9.353642553833196e-07
250,9.71417684922926e-05,9.68205349636264e-05,3.206465066796227e-07
251,0.0001001437485683,9.989594400394708e-05,2.471133768722211e-07
252,0.0001430403935955,0.0001428267860319,2.137334718099737e-07
253,0.0001166115980595,0.0001161527252406,4.633476180515572e-07
254,0.0001691420911811,0.0001686383620835,5.008733410249988e-07
255,0.0001699169079074,0.0001697516127023,1.652051224709794e-07
256,0.0001508249697508,0.0001506808912381,1.43814162356648e-07
257,0.0001485927205067,0.0001484557869844,1.371805922190106e-07
258,0.0001363799965474,0.0001362221810268,1.574347550103994e-07
259,0.0001147040529758,0.0001145595524576,1.4418417038086773e-07
260,0.0001183608837891,0.0001179766477434,3.8310494687721086e-07
261,8.548286859877408e-05,8.507483289577067e-05,4.074554453836754e-07
262,6.967887748032808e-05,6.949471571715549e-05,1.8644337274054126e-07
263,6.910338561283424e-05,6.868678610771894e-05,4.194674261270848e-07
264,6.090832539484836e-05,6.048837894923054e-05,4.316509034651972e-07
265,9.067771316040309e-05,8.973496733233333e-05,9.373289913128248e-07
266,0.000100102770375,9.980087634176016e-05,3.003539745805029e-07
267,0.0001064849493559,0.0001062742740032,2.101404703580556e-07
268,0.0001220605990965,0.0001214678850374,6.054129926269525e-07
269,0.0001132195175159,0.0001120788438129,1.136183186645212e-06
270,0.0001274858223041,0.0001266785111511,8.071294814726571e-07
271,0.0001284123864024,0.0001278731942875,5.360089403438906e-07
272,0.000137035982334,0.0001364484342047,5.847792294844112e-07
273,0.0001844283106038,0.0001833201386034,1.1017745009667124e-06
274,0.0001908261037897,0.0001904244709294,3.998165141183563e-07
275,0.0002339795901207,0.0002337357000214,2.432090582260571e-07
276,0.0002134078386006,0.0002132576191797,1.4998086328432694e-07
277,0.0001500083744758,0.0001499017089372,1.0637334924012977e-07
278,0.0001701858564047,0.0001699906715657,1.9442379084466666e-07
279,0.0001167568334494,0.0001166064830613,1.534913707246233e-07
280,9.0447545517236e-05,8.970013004727662e-05,7.477137842215598e-07
281,7.377831207122654e-05,7.192554767243564e-05,1.8427575696478016e-06
282,7.343140168813989e-05,7.207204907899722e-05,1.3648439107782906e-06
283,6.269301957217976e-05,6.214252061909065e-05,5.609715572063578e-07
284,5.385922850109637e-05,5.363027594285086e-05,2.290442182584229e-07
285,4.700463978224434e-05,4.6828932681819424e-05,1.7560454068643597e-07
286,3.91042631235905e-05,3.895697591360658e-05,1.4732799513694772e-07
287,3.520722020766698e-05,3.502959953038953e-05,1.779709606353208e-07
288,3.5950022720498964e-05,3.5779572499450296e-05,1.705329282231105e-07
289,3.307894439785741e-05,3.275333074270748e-05,3.235351755392913e-07
290,3.418938285904005e-05,3.3878015528898686e-05,3.118956612979673e-07
291,4.032780634588562e-05,4.015351805719547e-05,1.743052138181156e-07
292,5.065009827376343e-05,5.034418791183271e-05,3.058545985368255e-07
293,5.340697316569276e-05,5.308134132064879e-05,3.244417428049929e-07
294,6.365682202158496e-05,6.336288060992956e-05,2.9882940566494653e-07
295,9.590914123691618e-05,9.504883200861514e-05,8.561751769775583e-07
296,8.728223474463448e-05,8.64463290781714e-05,8.359883167941007e-07
297,9.243110980605708e-05,9.134945867117494e-05,1.0729561381594976e-06
298,0.0001556360803078,0.0001545588602311,1.0687873555070837e-06
299,0.0001881526404758,0.000187390091014,7.563310191471828e-07
300,0.0001745252229738,0.0001743295579217,1.990890439174109e-07
301,0.0001678849512245,0.0001676612591836,2.2241788144583555e-07
302,0.0001387303491355,0.0001385567302349,1.7392152074080516e-07
303,0.0001134320991695,0.0001131169556174,3.136027544314857e-07
304,0.0001773516269167,0.0001772557006916,9.578643300756084e-08
305,0.0001946746051544,0.0001945578260347,1.1650949716113247e-07
306,0.0002127449406543,0.000212511542486,2.329467037043287e-07
307,0.0001852746790973,0.0001850005646701,2.735392854447128e-07
308,0.0002204243210144,0.0002202551404479,1.685113915073089e-07
309,0.0001762025058269,0.0001756888086674,5.12554606757476e-07
310,0.0001188754467875,0.0001184077918878,4.682105725350994e-07
311,9.37365257414058e-05,9.320677781943232e-05,5.257031716610072e-07
312,9.033163223648444e-05,9.010880603455008e-05,2.237437115581997e-07
313,8.887494186637923e-05,8.85410190676339e-05,3.323628732232464e-07
314,8.874378545442596e-05,8.846000127959996e-05,2.873028961403179e-07
315,8.056345541262999e-05,8.011124737095088e-05,4.496472456594347e-07
316,6.885163020342588e-05,6.850749923614785e-05,3.427261958677264e-07
317,6.00180501351133e-05,5.981973663438112e-05,1.9891821523287945e-07
318,4.552596874418669e-05,4.506848199525848e-05,4.5767956180498004e-07
319,4.775426350533962e-05,4.745989281218499e-05,2.9368220566539094e-07
320,6.814597873017192e-05,6.716547795804217e-05,9.756539611771586e-07
321,0.0001011440908769,0.0001008409744827,3.016793641563709e-07
322,8.011267345864326e-05,7.988064317032695e-05,2.346236271932867e-07
323,6.158334872452542e-05,6.096822107792832e-05,6.101993221818702e-07
324,4.445779995876365e-05,4.410325345816091e-05,3.6261411651139497e-07
325,4.91932405566331e-05,4.8624693590682e-05,5.657915380652412e-07
326,6.223668606253341e-05,6.17253826931119e-05,5.146615649209707e-07
327,5.54824982827995e-05,5.428020085673779e-05,1.1960250958509278e-06
328,6.577881867997348e-05,6.412287621060386e-05,1.6608221358183073e-06
329,7.149860903155059e-05,7.0291142037604e-05,1.2027696811856003e-06
330,7.428244862239808e-05,7.391939288936555e-05,3.604410210300557e-07
331,7.154154445743188e-05,7.13276385795325e-05,2.1302172115156282e-07
332,9.60419129114598e-05,9.581594349583612e-05,2.2464965354629385e-07
333,9.161426714854316e-05,9.151022823061794e-05,1.0401242178659233e-07
334,8.762513607507572e-05,8.745687227929011e-05,1.6803527103093074e-07
335,0.0001068776691681,0.0001066862314473,1.9107793036710066e-07
336,0.0001083627503248,0.0001082337694242,1.2940422777774074e-07
337,0.0001206325905513,0.0001204134023282,2.189989203316145e-07
338,0.0001314059627475,0.0001311914093093,2.1405115546713205e-07
339,0.0001811742695281,0.0001810114772524,1.619535083818846e-07
340,0.0001538967189844,0.0001535863848403,3.114323590125423e-07
341,0.0002016042708419,0.0002012323820963,3.7556341681010963e-07
342,0.0001895889581646,0.0001890404528239,5.443787927106314e-07
343,0.0002100198762491,0.0002095621603075,4.5529804992838763e-07
344,0.0001706399489194,0.0001702876324998,3.512062107802194e-07
345,0.0001539750519441,0.0001532979658804,6.778476517865784e-07
346,0.0001085932526621,0.0001083481183741,2.458986330111657e-07
347,8.824665565043688e-05,8.760154742049053e-05,6.482971457444364e-07
348,7.614852802362293e-05,7.557204662589356e-05,5.743351039200206e-07
349,7.393358100671321e-05,7.362190808635205e-05,3.1050470283844334e-07
350,8.385675755562261e-05,8.365034591406584e-05,2.05228090521814e-07
351,6.238001515157521e-05,6.131090776761994e-05,1.0631741815814166e-06
352,5.2918367146048695e-05,5.0802540499717e-05,2.112873971782392e-06
353,4.379211532068439e-05,4.206997618894093e-05,1.707203750811459e-06
354,5.828199573443271e-05,5.802682426292449e-05,2.556432434630551e-07
355,5.780512947239913e-05,5.762020737165585e-05,1.8561476622380726e-07
356,5.435854836832732e-05,5.406192212831229e-05,2.95312020170968e-07
357,4.717141928267665e-05,4.696787436841987e-05,2.034690425034569e-07
358,4.743384852190502e-05,4.729622378363274e-05,1.3705903256777674e-07
359,6.579704495379701e-05,6.567722448380664e-05,1.1942599087433337e-07
360,6.642620428465307e-05,6.625179958064109e-05,1.7374729566199679e-07
361,7.733833626843989e-05,7.704423478571698e-05,2.924728903508367e-07
362,8.761104254517704e-05,8.730417903279886e-05,3.05908514519615e-07
363,9.802735439734532e-05,9.789948671823367e-05,1.2753353928474098e-07
364,0.0001080184956663,0.0001079084977391,1.0949153050887617e-07
365,8.330817217938602e-05,8.216848073061556e-05,1.1431328630351345e-06
366,7.690663915127516e-05,7.598032243549824e-05,9.22879905829177e-07
367,7.610520697198808e-05,7.563217513961717e-05,4.698038651440584e-07
368,7.21287215128541e-05,7.198535604402423e-05,1.4281832250162554e-07
369,8.13164806459099e-05,8.115109812933952e-05,1.6448203155050578e-07
370,9.315974602941424e-05,9.297829819843172e-05,1.8176609728470797e-07
371,8.509412145940587e-05,8.490662003168836e-05,1.8761134867872897e-07
372,8.831672312226146e-05,8.816525951260701e-05,1.514602558927436e-07
373,9.035094262799248e-05,9.014562965603544e-05,2.077465097727327e-07
374,8.059287938522175e-05,8.030634489841759e-05,2.843373181349307e-07
375,9.378071990795434e-05,9.351658809464423e-05,2.627354263040616e-07
376,0.0001093597384169,0.0001091944795916,1.643739011569778e-07
377,0.000110440159915,0.0001103114700526,1.2878962252216297e-07
378,0.0001376330037601,0.0001373862032778,2.4689876454431214e-07
379,0.0001240585697814,0.0001237423857674,3.149410474634351e-07
380,0.0001125381022575,0.0001121443274314,3.9239611737684754e-07
381,0.0001158001177827,0.0001154471246991,3.512818693707232e-07
382,0.0001293971290579,0.0001291959488298,2.0066704564669638e-07
383,0.0001131926619564,0.0001130104792537,1.8119551725703786e-07
384,9.164195944322272e-05,9.15302152861841e-05,1.1197723637224045e-07
385,8.545325545128435e-05,8.529895421816036e-05,1.548012420471423e-07
386,0.0001254237722605,0.0001251142821274,3.0798906891504885e-07
387,0.0001270018547074,0.0001268420455744,1.6109194689306605e-07
388,0.0001002841454464,9.98790710582398e-05,4.1110251913778484e-07
389,7.754911348456517e-05,7.686985918553546e-05,6.745939913344046e-07
390,7.049417763482779e-05,6.921735621290281e-05,1.275268118661188e-06
391,9.475437400396912e-05,9.38314406084828e-05,9.165343044514884e-07
392,7.155993080232292e-05,7.127749995561317e-05,2.818145503624692e-07
393,5.292281275615096e-05,5.245584543445148e-05,4.631107799468737e-07
394,4.354813427198678e-05,4.313876706873998e-05,4.0700976455809723e-07
395,3.838391057797708e-05,3.8183017750270665e-05,2.0066217132352906e-07
396,4.2417515942361206e-05,4.216809247736819e-05,2.4858385927473137e-07
397,3.556089359335601e-05,3.451709198998287e-05,1.0616670351737412e-06
398,2.848314761649817e-05,2.756757203314919e-05,9.098929467654672e-07
399,2.813943683577236e-05,2.7648478862829503e-05,4.884375357505633e-07
400,2.731229869823437e-05,2.64279169641668e-05,8.814094485387614e-07
401,3.445647962507792e-05,3.393751467228867e-05,5.163095124771644e-07
402,3.0294746466097425e-05,2.9954768251627684e-05,3.375969583885308e-07
403,5.5343527492368594e-05,5.51166340301279e-05,2.2613924954839606e-07
404,6.251176091609523e-05,6.233655585674569e-05,1.748595508388462e-07
405,5.8612866268958896e-05,5.8508256188360974e-05,1.0535342909179236e-07
406,5.861191311851144e-05,5.843956751050428e-05,1.7203359448103586e-07
407,8.244143828051165e-05,8.229287777794525e-05,1.4796727043631108e-07
408,8.887575677363202e-05,8.863367838785052e-05,2.40107851823268e-07
409,9.037171548698096e-05,8.99390215636231e-05,4.31897859698438e-07
410,0.0001037373076542,0.0001031581705319,5.779489811175154e-07
411,0.0001932411250891,0.0001927249395521,5.189744456401968e-07
412,0.0002355256146984,0.0002349115529796,6.143966970739712e-07
413,0.000344961619703,0.0003446569025982,3.0301956144285214e-07
414,0.0005362780648283,0.0005361190997064,1.599096606241801e-07
415,0.0014837286435067,0.0014835239853709,2.0355737717636657e-07
416,0.0027205718215554,0.0027204158250242,1.5632031136192381e-07
417,0.0018775658681988,0.0018774059135466,1.5900057803719394e-07
418,0.000961753888987,0.0009615946328267,1.5950372755924036e-07
419,0.0005497740348801,0.0005496097146533,1.6360372967483272e-07
420,0.0003350411425344,0.000334871263476,1.7024994747316669e-07
421,0.0001957638305611,0.0001952858001459,4.754647591198591e-07
422,0.0001227234606631,0.0001224349398398,2.886304741878121e-07
423,0.0001172413831227,0.0001170361429103,2.0505699183104298e-07
424,8.054034697124735e-05,8.03294824436307e-05,2.096135034435065e-07
425,5.7837110944092274e-05,5.7642693718662485e-05,1.941155289841845e-07
426,4.616196747520007e-05,4.5959717681398615e-05,2.0105258613511978e-07
427,3.891360029228963e-05,3.870876389555633e-05,2.0482102058849705e-07
428,3.5156637750333175e-05,3.492439282126725e-05,2.3046300157147925e-07
429,3.0939412681618705e-05,3.057435969822109e-05,3.62613917559429e-07
430,2.840500746970065e-05,2.7924861569772474e-05,4.90168758915388e-07
431,2.8186546842334792e-05,2.7783255063695836e-05,4.003250069217757e-07
432,2.676091571629513e-05,2.604108885861933e-05,7.329622917495726e-07
433,2.581846092652995e-05,2.36939886235632e-05,2.1055550405435497e-06
434,2.294445584993809e-05,2.232411861768924e-05,6.16944248577056e-07
435,2.0554809452733025e-05,1.951688864210155e-05,1.0301729389539105e-06
436,1.853385947470088e-05,1.822558078856673e-05,3.062871485326468e-07
437,1.713944220682606e-05,1.685071038082242e-05,2.9071730978103005e-07
438,1.72108702827245e-05,1.683225309534464e-05,3.755984039344185e-07
439,1.756672099872958e-05,1.7455924535170197e-05,1.1100414809561698e-07
440,1.6800702724140137e-05,1.6614871128695086e-05,1.8537573964749757e-07
441,1.609974424354732e-05,1.5925885236356407e-05,1.7475919378284746e-07
442,1.524912477179896e-05,1.4898842891852835e-05,3.584091246011667e-07
443,1.4202390957507303e-05,1.3917995602241716e-05,2.829531524639606e-07
444,1.5819885447854176e-05,1.5638994227629155e-05,1.8031624904324417e-07
445,1.7609228962101042e-05,1.7484695490566082e-05,1.280635757439086e-07
446,1.5900961443549022e-05,1.5630059351678938e-05,2.718580276450666e-07
447,1.6606283679720946e-05,1.642310235183686e-05,1.8209274799119163e-07
448,1.93793821381405e-05,1.9273031284683384e-05,1.0603910283180085e-07
449,2.006005161092617e-05,1.996632454392966e-05,9.45879250480175e-08
450,1.7635418771533296e-05,1.7575634046806954e-05,5.98953775465816e-08
451,1.920723843795713e-05,1.9041259292862375e-05,1.6559560833684372e-07
452,1.864481419033837e-05,1.8554545022198e-05,9.03150976228062e-08
453,1.917236841109116e-05,1.8978123989654705e-05,1.9413184304539757e-07
454,2.0410470824572254e-05,2.0212752133375037e-05,1.9794406114215238e-07
455,2.7352663892088455e-05,2.71526714641368e-05,1.999328986812543e-07
456,2.6748139134724624e-05,2.662029692146461e-05,1.2952264683008252e-07
457,3.851532528642565e-05,3.826917600235902e-05,2.449928615533281e-07
458,4.296866245567799e-05,4.280317443772219e-05,1.644570915004806e-07
459,5.206874993746169e-05,5.17838925588876e-05,2.8844095822933014e-07
460,7.683537114644423e-05,7.642939453944564e-05,4.051252346926049e-07
461,9.630811109673232e-05,9.60274483077228e-05,2.78959646493604e-07
462,8.677666482981294e-05,8.666043868288398e-05,1.1547937361910955e-07
463,7.944570097606629e-05,7.936028850963339e-05,8.516413174675108e-08
464,8.232033724198118e-05,8.225045166909695e-05,7.034729065935609e-08
465,8.42259541968815e-05,8.404689287999645e-05,1.804838518637553e-07
466,5.998343840474263e-05,5.9793819673359394e-05,1.907057480821095e-07
467,5.42990819667466e-05,5.40178625669796e-05,2.8556766551446344e-07
468,4.163201083429158e-05,4.1046729165827855e-05,5.81200652050029e-07
469,3.2128682505572215e-05,3.184101660735905e-05,2.8690706699308066e-07
470,3.4860313462559134e-05,3.4640153899090365e-05,2.1928208582266961e-07
471,3.215504693798721e-05,3.188020855304785e-05,2.774885388134863e-07
472,2.924716318375431e-05,2.9053639082121663e-05,1.945197141139943e-07
473,3.101393303950317e-05,3.090718382736668e-05,1.0619684331913962e-07
474,2.579121064627543e-05,2.5713345166877843e-05,7.763924969594883e-08
475,2.2525218810187653e-05,2.23641636694083e-05,1.6171814820609145e-07
476,2.968113585666288e-05,2.949626104964409e-05,1.8700679049743485e-07
477,3.396658576093614e-05,3.371592902112752e-05,2.504689007309935e-07
478,0.0001058371562976,0.0001056096007232,2.267556880042321e-07
479,0.0001049585625878,0.0001046145698637,3.488008815111243e-07
480,0.0001077903361874,0.0001072968225344,4.913358679914381e-07
481,9.525883797323333e-05,9.490684897173196e-05,3.538127373303724e-07
482,0.0001020285053527,0.0001015737652778,4.5314467911339307e-07
483,8.444830018561333e-05,8.413904288318008e-05,3.094984606377693e-07
484,8.48140480229631e-05,8.445497223874554e-05,3.573282469915285e-07
485,0.0001171681651612,0.0001168601374956,3.1211621376314724e-07
486,0.0001063626041286,0.0001060771828633,2.837147690115671e-07
487,0.0001247526524821,0.0001245585590368,1.936170832550488e-07
488,0.0001068053534254,0.0001066308686858,1.75931020862663e-07
489,7.726679177721962e-05,7.708486373303458e-05,1.8134507229206065e-07
490,6.92840912961401e-05,6.911632226547226e-05,1.6887852893887614e-07
491,5.004589183954522e-05,4.983994222129695e-05,2.0479400575368345e-07
492,3.8358906749635935e-05,3.820167694357224e-05,1.5680507203796878e-07
493,3.158005347358994e-05,3.130685581709258e-05,2.71203845159107e-07
494,3.2851541618583724e-05,3.234271571272984e-05,5.106481353323034e-07
495,3.485571505734697e-05,3.417015977902338e-05,6.939749823686725e-07
496,3.329693936393596e-05,3.2495659979758784e-05,8.063306040639873e-07
497,3.3914806408574805e-05,3.341221236041747e-05,4.984856900591694e-07
498,3.3300537324976176e-05,3.3194537536473945e-05,1.070706119321585e-07
499,2.684753962967079e-05,2.6692741812439635e-05,1.5534121189375585e-07
500,2.6711233658716083e-05,2.6546278604655527e-05,1.6485778076003046e-07
501,4.018705294583924e-05,4.0037939470494166e-05,1.4904449585628754e-07
502,5.260877151158638e-05,5.244104249868542e-05,1.6818674453134008e-07
503,6.35122341918759e-05,6.340663821902126e-05,1.051171949484342e-07
504,6.025897891959176e-05,5.993425656924956e-05,3.519423330544669e-07
505,5.672689076163806e-05,5.293322101351805e-05,3.7691850138799055e-06
506,5.1223560149082914e-05,5.05633834109176e-05,6.585443657058931e-07
507,6.292964826570824e-05,6.230476719792932e-05,6.215015559973835e-07
508,4.9023172323359177e-05,4.875382364843972e-05,2.690732117116568e-07
509,4.913972588838078e-05,4.877182436757721e-05,3.6802265412916313e-07
510,7.178449595812708e-05,7.141971582314e-05,3.661479013317148e-07
511,7.23462289897725e-05,7.200583058875054e-05,3.399239290047263e-07
512,6.715628114761785e-05,6.701132224407047e-05,1.4414213467262016e-07
513,6.781062256777659e-05,6.769887113478035e-05,1.1119939102854914e-07
514,5.578919808613136e-05,5.574017995968461e-05,4.8926612095101525e-08
515,7.096358604030684e-05,7.088902202667668e-05,7.522208278487598e-08
516,5.476951264427044e-05,5.454557685879991e-05,2.266142473672517e-07
517,7.510977593483403e-05,7.498128979932517e-05,1.2760592937866022e-07
518,8.92486423254013e-05,8.84843830135651e-05,7.602354230584751e-07
519,9.469289216212928e-05,9.331887122243644e-05,1.3693320397578643e-06
520,7.662612188141793e-05,7.630267646163702e-05,3.226947171697248e-07
521,7.175621431088075e-05,7.155205821618438e-05,2.0252018373412286e-07
522,6.508571823360398e-05,6.498654693132266e-05,9.872594830540039e-08
523,6.500678864540532e-05,6.489783845609054e-05,1.086429648466947e-07
524,7.404819189105183e-05,7.390703103737906e-05,1.428990685781173e-07
525,9.104085620492695e-05,9.082569886231796e-05,2.141153316870259e-07
526,8.306807285407558e-05,8.294782310258597e-05,1.2093529733192554e-07
527,7.054869638523087e-05,7.035127782728523e-05,1.9649284865863595e-07
528,6.969767127884552e-05,6.952459807507694e-05,1.730444552094923e-07
529,6.755960203008726e-05,6.731701432727277e-05,2.421791975848464e-07
530,4.965760672348552e-05,4.9439160648034886e-05,2.2037892222215305e-07
531,4.212370185996406e-05,4.180541873211041e-05,3.158467052344349e-07
532,3.648085839813575e-05,3.570020999177359e-05,7.823734904377488e-07
533,3.608810220612213e-05,3.5750854294747114e-05,3.374501886810322e-07
534,3.631083382060751e-05,3.597085378714837e-05,3.430281765304244e-07
535,4.835533400182612e-05,4.798052759724669e-05,3.742683816199133e-07
536,5.515709926839918e-05,5.502775456989184e-05,1.287205577682471e-07
537,6.516050052596256e-05,6.503915938083082e-05,1.20973396633417e-07
538,0.0001109874865505,0.0001108653377741,1.219588767753521e-07
539,0.0001016859678202,0.0001016069072647,7.882329100539209e-08
540,0.0001025808742269,0.000102399069874,1.8291115111424008e-07
541,9.03281761566177e-05,9.018959099194036e-05,1.3796166342672225e-07
542,7.634115900145844e-05,7.620325777679682e-05,1.374292821765266e-07
543,9.25191561691463e-05,9.239474456990138e-05,1.2366201929125964e-07
544,0.0001084667310351,0.0001082317248801,2.3609341326391586e-07
545,0.00010086238035,0.000100355464383,5.027280280955893e-07
546,9.452365338802338e-05,9.37744989641942e-05,7.460110964530031e-07
547,9.664441313361748e-05,9.64025384746492e-05,2.413956678992691e-07
548,7.531030860263854e-05,7.487276889150962e-05,4.355310920800548e-07
549,6.481765012722462e-05,6.432586815208197e-05,4.897966050521063e-07
550,5.441483517643064e-05,5.3994866902939975e-05,4.182474526714941e-07
551,6.16242250544019e-05,6.136237061582506e-05,2.6061979951919056e-07
552,4.499701390159317e-05,4.478702976484783e-05,2.090042130475922e-07
553,3.697808642755263e-05,3.6772638850379735e-05,2.0550801593799409e-07
554,3.338583701406605e-05,3.325180296087637e-05,1.338445798637622e-07
555,3.300263415439986e-05,3.284513149992563e-05,1.565801852621007e-07
556,2.595270234451164e-05,2.5836347049335014e-05,1.1605438743345077e-07
557,2.791448241623584e-05,2.776372275548056e-05,1.5023898924937384e-07
558,2.891208896471653e-05,2.8794878744520247e-05,1.1790700682468015e-07
559,2.9193901355029084e-05,2.9127162633812983e-05,6.63474892803606e-08
560,2.5722933060023934e-05,2.567210867709946e-05,5.0908901982893446e-08
561,3.42442981491331e-05,3.410417048144154e-05,1.4330638009596441e-07
562,3.237476630602032e-05,3.20821454806719e-05,2.925874582615507e-07
563,2.8496162485680543e-05,2.769033017102629e-05,8.103559139271965e-07
564,3.234465475543402e-05,2.8039839889970608e-05,4.267972599336645e-06
565,4.183327473583631e-05,4.145965431234799e-05,3.732562845470966e-07
566,5.390421938500367e-05,5.367191624827683e-05,2.3183105213320235e-07
567,8.968289330368862e-05,8.939026884036139e-05,2.930621008090384e-07
568,0.0001581351971253,0.0001578935043653,2.4473516191392264e-07
569,0.0001490958820795,0.0001486323308199,4.6051940216784725e-07
570,0.0001749311340972,0.0001746325287967,2.968908177081176e-07
571,0.0002052011695923,0.0002050389884971,1.610434736676325e-07
572,0.0001662725553615,0.0001661385176703,1.3359577621940846e-07
573,0.0001562122051836,0.0001559894590172,2.234931741895707e-07
574,0.000143211291288,0.0001429025141987,3.091115274855838e-07
575,0.0001103234098991,0.0001094904437195,8.31039812965173e-07
576,9.46950021898374e-05,9.412704093847424e-05,5.65287678000459e-07
577,6.512212712550536e-05,6.457999552367255e-05,5.393283686316863e-07
578,5.020487878937274e-05,4.972997703589499e-05,4.775320689986984e-07
579,3.877182825817727e-05,3.8407051761168987e-05,3.6398154179551057e-07
580,3.1118943297769874e-05,3.0852399504510686e-05,2.643460561557731e-07
581,2.576907900220249e-05,2.5539497073623352e-05,2.293488279292433e-07
582,2.087571738229599e-05,2.071604285447393e-05,1.589748421793047e-07
583,1.9007949958904646e-05,1.8836788512999192e-05,1.7078346559173954e-07
584,1.3886205124435946e-05,1.3816441423841752e-05,6.940106089814435e-08
585,1.2358502317511013e-05,1.2285286175028888e-05,7.528496581699073e-08
586,1.2640878594538664e-05,1.242224152520066e-05,2.1700785168832226e-07
587,1.1454543709987774e-05,1.1369589628884569e-05,8.54170139064081e-08
588,1.2225907084939536e-05,1.2096559657948092e-05,1.2846207653183228e-07
589,1.138095831265673e-05,1.1304017789370846e-05,7.722338324356316e-08
590,1.46672600749298e-05,1.4509764696413184e-05,1.5832728195164236e-07
591,1.5682766388636082e-05,1.546314888400957e-05,2.1989947640577162e-07
592,1.4794842172705104e-05,1.460161729482934e-05,1.9277601381872958e-07
593,1.7099178876378573e-05,1.6379186490667053e-05,7.170866069827753e-07
594,1.722223350952845e-05,1.696458821243141e-05,2.587443361790065e-07
595,2.164382021874189e-05,2.1193634893279523e-05,4.50953962172207e-07
596,2.166448393836617e-05,2.150251020793803e-05,1.610821840358767e-07
597,2.6795869416673668e-05,2.661522739799693e-05,1.8534609580456165e-07
598,2.5797469788813032e-05,2.55434715654701e-05,2.543566495205596e-07
599,7.167757576098666e-05,7.149709563236684e-05,1.798641164896253e-07
600,9.176077583106236e-05,9.156707528745756e-05,1.9330724398969326e-07
601,0.0001195532240672,0.0001193135758512,2.380906209964451e-07
602,9.333746857009828e-05,9.306285210186616e-05,2.758316668405314e-07
603,9.634675370762125e-05,9.579154720995577e-05,5.533713078875735e-07
604,0.0001046059842337,0.0001036790054058,9.280695394409122e-07
605,0.0001376239670207,0.0001368106022709,8.268965530078276e-07
606,0.0001656208187341,0.0001645428274059,1.0698496453187545e-06
607,0.0001691544021014,0.0001683917653281,7.586696710859542e-07
608,0.000152476306539,0.0001520493970019,4.233523895891267e-07
609,0.0001269390049856,0.0001267586631001,1.7966075915865076e-07
610,0.000136894537718,0.000136747592478,1.460599889924197e-07
611,0.0001175928045995,0.0001175106299342,8.218329128339975e-08
612,7.783071487210691e-05,7.774354162393138e-05,8.682777519197772e-08
613,5.289968248689547e-05,5.272162161418237e-05,1.7688196862764016e-07
614,5.4708143579773605e-05,5.461946057039313e-05,8.878137691681331e-08
615,5.422061803983525e-05,5.3993291658116505e-05,2.260253637587084e-07
616,3.1287876481655985e-05,3.112757985945791e-05,1.593839158431365e-07
617,2.097487958963029e-05,2.091361238854006e-05,6.105953076485093e-08
618,1.5083072867128068e-05,1.504768806626089e-05,3.5215940386024165e-08
619,1.548568980069831e-05,1.5343686754931696e-05,1.409033387744785e-07
620,1.302022246818524e-05,1.2904031791549642e-05,1.1556832646419934e-07
621,1.2539969247882254e-05,1.2426554349076468e-05,1.1419488288311187e-07
622,1.0993854630214628e-05,1.0747337000793776e-05,2.460378141222464e-07
623,1.3316048352862708e-05,1.319053535553394e-05,1.267755038725227e-07
624,2.0652207240345888e-05,2.057925121334847e-05,7.33011873421674e-08
625,2.8667944206972606e-05,2.856059836631175e-05,1.0651800863570317e-07
626,2.6935169444186613e-05,2.6194244128419086e-05,7.395872785309621e-07
627,2.7849431717186235e-05,2.744935409282334e-05,3.969389297253656e-07
628,2.216730717918836e-05,2.206277713412419e-05,1.0450381182636193e-07
629,2.6970166800310835e-05,2.6903904654318467e-05,6.585706557871164e-08
630,4.354771226644516e-05,4.347000503912568e-05,7.811319591155552e-08
631,4.033047298435122e-05,4.015434751636349e-05,1.758492231829223e-07
632,4.445196827873588e-05,4.430852277437225e-05,1.4475962473170514e-07
633,6.414676317945123e-05,6.407309410860762e-05,7.38986116743945e-08
634,5.608455467154272e-05,5.59414729650598e-05,1.423756827989564e-07
635,6.39502250123769e-05,6.37675984762609e-05,1.820042427880253e-07
636,6.065596608095802e-05,6.035745900589973e-05,2.994430587932584e-07
637,6.318829400697723e-05,6.284369737841189e-05,3.455826629306103e-07
638,6.41144797555171e-05,6.399778794730082e-05,1.1949653355713965e-07
639,6.960565224289894e-05,6.928178481757641e-05,3.224812701319024e-07
640,7.37388472771272e-05,7.361000461969525e-05,1.2817963579436764e-07
641,6.99566735420376e-05,6.984714127611369e-05,1.1011511702463397e-07
642,6.336816295515746e-05,6.323579873424023e-05,1.3181397662265226e-07
643,6.313119956757873e-05,6.304893031483516e-05,8.217439528834802e-08
644,5.363107629818842e-05,5.348867125576362e-05,1.423874493866606e-07
645,5.380429865908809e-05,5.374879401642829e-05,5.5263356557588856e-08
646,0.0001268650376005,0.0001267963816644,6.942224928252473e-08
647,0.0002754102752078,0.0002752373984549,1.7162321341857026e-07
648,0.0004662731662392,0.0004661574785131,1.1517896325585752e-07
649,0.000695388240274,0.000695283350069,1.0414584750151334e-07
650,0.0008241966133937,0.0008240391034632,1.5770727657127281e-07
651,0.0006886573391966,0.0006885069306008,1.5151911725297398e-07
652,0.0004563696857076,0.0004561893001664,1.8056478268135836e-07
653,0.0002528807963244,0.0002521395217627,7.347395012402558e-07
654,0.0001217344179167,0.0001210809496114,6.577922704309458e-07
655,7.075114262988791e-05,7.02596953487955e-05,4.902562409370148e-07
656,4.356122735771351e-05,4.248767436365597e-05,1.0775835335152806e-06
657,3.3040352718671784e-05,3.264639599365182e-05,3.909421764092258e-07
658,2.4518489226466045e-05,2.4393484636675566e-05,1.2525757142611837e-07
659,2.956149364763405e-05,2.948989276774228e-05,7.159463422112823e-08
660,1.8808923414326276e-05,1.8742599422694184e-05,6.607899649679895e-08
661,1.4211477719072718e-05,1.4143711268843616e-05,6.824502207791738e-08
662,1.1507089766382704e-05,1.138599054684164e-05,1.2052875320023304e-07
663,1.0221757293038536e-05,1.0131746421393473e-05,8.949102436872637e-08
664,8.837590030452702e-06,8.76442118169507e-06,7.362296372548371e-08
665,8.608992175140884e-06,8.473544767184649e-06,1.350715166381633e-07
666,7.785934940329753e-06,7.685974196647294e-06,1.0071372713582605e-07
667,7.007744898146484e-06,6.889437372592511e-06,1.1818754330761295e-07
668,6.134512659627944e-06,5.914433586440282e-06,2.203097722031089e-07
669,5.511089966603322e-06,5.21366246175603e-06,2.976544521970937e-07
670,5.472997145261616e-06,5.211997631704435e-06,2.596208048544213e-07
671,4.96547272632597e-06,4.745769729197491e-06,2.188047290019313e-07
672,5.213909844314912e-06,4.869501935900189e-06,3.475695962151804e-07
673,6.6626766965782735e-06,4.70307804789627e-06,1.9585272639233158e-06
674,6.163439593365183e-06,5.326771315594669e-06,8.326022111759812e-07
675,4.447805622476153e-06,4.213910870021209e-06,2.325324999219447e-07
676,3.771866659008083e-06,3.5881837447959697e-06,1.863270426838426e-07
677,3.946687684219796e-06,3.441827630012994e-06,5.038710924054612e-07
678,4.975410320184892e-06,4.327426267991541e-06,6.458536745412857e-07
679,4.807086497748969e-06,4.1782659536693245e-06,6.253620767893153e-07
680,4.855528004554799e-06,4.414545855979668e-06,4.3817297523673925e-07
681,4.586545856000157e-06,4.304604317439953e-06,2.805375629577611e-07
682,5.916590453125536e-06,5.356689598556841e-06,5.571325232267554e-07
683,6.089465841796482e-06,5.878614956600359e-06,2.0970244918316894e-07
684,8.462217920168769e-06,8.252057341451291e-06,2.0905689268602146e-07
685,9.404254342371132e-06,9.23177594813751e-06,1.7210771829923033e-07
686,9.909804248309229e-06,9.786886039364616e-06,1.2362845325242233e-07
687,1.609739410923794e-05,1.593677734490484e-05,1.6032448968417157e-07
688,3.3220356272067875e-05,3.310652755317278e-05,1.1343971095811869e-07
689,3.589568950701505e-05,3.581435157684609e-05,8.16351288790429e-08
690,5.849912849953398e-05,5.83946421102155e-05,1.0386209225998757e-07
691,6.942045729374513e-05,6.924020999576896e-05,1.8135308721412002e-07
692,6.489943189080805e-05,6.463970203185454e-05,2.5969572448047984e-07
693,5.3883588407188654e-05,5.350165156414732e-05,3.8068716889938514e-07
694,5.3267980547389016e-05,5.312368375598453e-05,1.4488797717149282e-07
695,7.695420208619907e-05,7.6756150519941e-05,1.965763800626519e-07
696,9.313227201346308e-05,9.298991062678395e-05,1.421275896973384e-07
697,0.000120854099805,0.0001207196473842,1.3616040916986094e-07
698,9.822644642554224e-05,9.795328514883296e-05,2.7241998168392456e-07
699,8.297013846458867e-05,8.264900679932907e-05,3.204562517566956e-07
700,4.588384763337672e-05,4.5774282625643536e-05,1.0949318607345049e-07
701,2.9774339054711163e-05,2.970414971059654e-05,7.062956797199149e-08
702,2.5202334654750302e-05,2.508070974727161e-05,1.2109634894841292e-07
703,2.365983891650103e-05,2.355429569433909e-05,1.0550158435762569e-07
704,1.7312111594947055e-05,1.7217418644577265e-05,9.49507779068881e-08
705,1.4720606486662293e-05,1.458322276448598e-05,1.3685584576705878e-07
706,1.334952139586676e-05,1.3254280929686502e-05,9.509614784519729e-08
707,1.1863602594530676e-05,1.1735753105313051e-05,1.2895905854293233e-07
708,1.077842534868978e-05,1.0575885426078456e-05,2.011526873957337e-07
709,9.994465472118463e-06,9.690162187325768e-06,3.03841886761802e-07
710,1.1199899745406585e-05,1.096921187127009e-05,2.2910657548891322e-07
711,1.2419825907272752e-05,1.2075229278707413e-05,3.453650379015017e-07
712,1.31114629766671e-05,1.2870793398178648e-05,2.420029545646685e-07
713,1.4986768292146737e-05,1.4745919543202037e-05,2.394709497366421e-07
714,2.0340405171737075e-05,2.013787343457807e-05,2.0286917390421882e-07
715,2.156923983420711e-05,2.133706402673852e-05,2.321183671938343e-07
716,2.391305679338984e-05,2.357179982936941e-05,3.389027938283107e-07
717,2.47819370997604e-05,2.291615055582952e-05,1.8601843976284729e-06
718,3.381495480425656e-05,3.2775809813756496e-05,1.031682927532529e-06
719,3.240063961129636e-05,3.205702523700893e-05,3.454593695551012e-07
720,5.33356869709678e-05,5.300436168909073e-05,3.293178565400013e-07
721,0.0001028082479024,0.0001025681121973,2.3880889443717024e-07
722,0.0001096676278393,0.0001094911422114,1.758117207373289e-07
723,0.0001875529414974,0.0001873771980172,1.751400020566507e-07
724,0.0001655233791097,0.0001652356440899,2.8731798806802544e-07
725,0.0001165422072517,0.0001162495536846,3.026375452463981e-07
726,7.787694630678743e-05,7.752131932647899e-05,3.561521566552983e-07
727,6.246673729037866e-05,6.22626394033432e-05,2.052026388810191e-07
728,5.895638969377615e-05,5.877781222807244e-05,1.777852958184667e-07
729,6.335927173495293e-05,6.323818524833769e-05,1.2144262484525825e-07
730,4.2542582377791405e-05,4.244636511430144e-05,9.62465165343929e-08
731,3.120728797512129e-05,3.109173849225044e-05,1.14673447626501e-07
732,2.2051279302104376e-05,2.1874819140066396e-05,1.7680531527730636e-07
733,1.5804129361640662e-05,1.564893864269834e-05,1.542158685197137e-07
734,1.83309821295552e-05,1.8188251488027163e-05,1.419924160472874e-07
735,1.396089282934554e-05,1.3853028576704672e-05,1.0882591539029819e-07
736,1.1909184649994131e-05,1.1354207344993483e-05,5.506159936885524e-07
737,1.3357964235183316e-05,1.2970666830369735e-05,3.837851068055898e-07
738,1.86511933861766e-05,1.8428918338031508e-05,2.2306440428110366e-07
739,1.702396184555255e-05,1.684503695287276e-05,1.7940891439138798e-07
740,2.087173743348103e-05,2.0609444618457928e-05,2.601225901344151e-07
741,2.162396049243398e-05,2.1310515876393765e-05,3.120750307061826e-07
742,1.793258525140118e-05,1.74101151060313e-05,5.214791372054606e-07
743,2.138335730705876e-05,2.0994451915612444e-05,3.869881766149774e-07
744,1.615350993233733e-05,1.6019812392187305e-05,1.3298371470682468e-07
745,1.7372851289110258e-05,1.696556864771992e-05,4.151140160502109e-07
746,2.0837549527641382e-05,1.907732257677708e-05,1.7486239585196015e-06
747,1.5673109373892657e-05,1.5363370039267465e-05,3.06938261473988e-07
748,1.7862350432551466e-05,1.7752863641362637e-05,1.092625367959954e-07
749,3.284287959104404e-05,3.278815347584896e-05,5.513098599863042e-08
750,5.0364164053462446e-05,5.028492523706518e-05,7.993267558958905e-08
751,5.428057920653373e-05,5.422764661489055e-05,5.282997150857228e-08
752,6.929859227966517e-05,6.917073187651113e-05,1.290110134277711e-07
753,6.723937258357182e-05,6.703740655211732e-05,2.030755865689571e-07
754,8.572219667257741e-05,8.532274659955874e-05,4.085646594376158e-07
755,0.0001059735441231,0.0001053431260515,6.288056511039031e-07
756,0.0001053539817803,0.000104758721136,6.003634211992903e-07
757,0.000113298461656,0.0001123607871704,9.331860155725736e-07
758,9.24818668863736e-05,9.224176756106316e-05,2.398788012669684e-07
759,8.531395724276081e-05,8.505787263857201e-05,2.543601453908195e-07
760,9.614154987502844e-05,9.584691724739967e-05,2.986587617215264e-07
761,8.577912376495078e-05,8.564806921640411e-05,1.3090559036754712e-07
762,5.777737169410102e-05,5.764431625721045e-05,1.337688786406943e-07
763,3.89707311114762e-05,3.8819227484054863e-05,1.503199058561222e-07
764,3.784581713262014e-05,3.776078665396199e-05,8.565447018327178e-08
765,2.7301077352603897e-05,2.711024353629909e-05,1.8982055394189961e-07
766,1.8198841644334607e-05,1.799411984393373e-05,2.0334424277734803e-07
767,1.3012931049161123e-05,1.2853248335886748e-05,1.5944853259952654e-07
768,1.4148275113257114e-05,1.3951858818472829e-05,1.961490028179469e-07
769,1.3660624063049909e-05,1.3458240573527291e-05,2.00834222141566e-07
770,1.2126752153562848e-05,1.1945625374210069e-05,1.8331742523969297e-07
771,1.1886045285791624e-05,1.1395016372262036e-05,4.888304374617292e-07
772,1.786932989489287e-05,1.7279478925047442e-05,5.850893671777158e-07
773,2.021330874413252e-05,2.0085004507564008e-05,1.2729043419312802e-07
774,1.836264709709212e-05,1.8272918168804608e-05,8.92626488280257e-08
775,1.4203682439983822e-05,1.396424340782687e-05,2.386215101068956e-07
776,1.4489484783553053e-05,1.4156272300169803e-05,3.312120497867e-07
777,1.899407834571321e-05,1.8790535250445828e-05,2.0431247094165886e-07
778,1.42533290272695e-05,1.4043881492398214e-05,2.108026819769293e-07
779,2.0682127797044814e-05,1.9687728126882572e-05,9.864112371360534e-07
780,3.812324212049134e-05,3.7983536458341405e-05,1.3896266182200634e-07
781,3.999392720288597e-05,3.989699325757101e-05,9.6775927715953e-08
782,4.022792927571573e-05,4.0128517866833135e-05,9.970113268309433e-08
783,5.027799488743767e-05,5.022479672334157e-05,5.315506257375092e-08
784,8.701864135218784e-05,8.695740689290687e-05,6.092986382100207e-08
785,0.0001018667680909,0.0001018192415358,4.7414609127827134e-08
786,9.177371248370036e-05,9.16241478989832e-05,1.513617178261484e-07
787,7.100693619577214e-05,7.087016274454072e-05,1.365361583793856e-07
788,6.749242311343551e-05,6.736813520547003e-05,1.245027476670657e-07
789,6.83140751789324e-05,6.81576639181003e-05,1.560999578487099e-07
790,8.750470442464575e-05,8.733448339626193e-05,1.6978411565560236e-07
791,9.163813956547529e-05,9.15426280698739e-05,9.836397651952212e-08
792,9.265182598028332e-05,9.250779112335294e-05,1.4288380612015317e-07
793,8.274820720544085e-05,8.265628275694326e-05,9.293892588857489e-08
794,7.618535164510831e-05,7.607611769344658e-05,1.0876932066139489e-07
795,6.584615766769275e-05,6.563443457707763e-05,2.1051292264928636e-07
796,6.248145655263215e-05,6.232135638128966e-05,1.6102976019283233e-07
797,5.254200004856102e-05,5.23554153915029e-05,1.9270494533429885e-07
798,4.460984564502724e-05,4.164507845416665e-05,2.945450432889629e-06
799,3.357805690029636e-05,3.332396227051504e-05,2.5382743729096546e-07
800,3.090082100243308e-05,3.07133341266308e-05,1.8773771159885652e-07
801,3.005939106515143e-05,2.969654269691091e-05,3.597801310206705e-07
802,2.1947946152067743e-05,2.1801317416247912e-05,1.4594486685837182e-07
803,0.00044768175575882196,0.0004323005850892514,1.52492475535837e-05
804,6.861466681584716e-05,6.79317454341799e-05,6.77889431699441e-07
805,2.146041879313998e-05,2.1365154680097476e-05,9.506161546823932e-08
806,1.0773833309940528e-05,1.0722532351792324e-05,5.128029201273421e-08
807,7.165733222791459e-06,7.11650181983714e-06,4.9068141549923894e-08
808,5.632844931824366e-06,5.585793132922845e-06,4.71962522397007e-08
809,4.172748504061019e-06,4.130942215851974e-06,4.171845446876432e-08
810,4.172200533503201e-06,4.132440608373145e-06,3.97472419422229e-08
811,5.372727173380554e-06,5.329352461558301e-06,4.330126657237088e-08
812,7.461874702130444e-06,7.417716005875263e-06,4.407056763966466e-08
813,1.5788284144946374e-05,1.574606358190067e-05,4.2248821330304054e-08
814,1.497009907325264e-05,1.4923251001164317e-05,4.7222329158103094e-08
815,3.3095977414632216e-05,3.305152858956717e-05,4.431011291217146e-08
816,3.9284597733058035e-05,3.924922566511668e-05,3.5387468955150325e-08
817,4.3142150389030576e-05,4.310578515287489e-05,3.6325506158618737e-08
818,5.458411396830343e-05,5.4540934797842056e-05,4.311064216722116e-08
819,4.069951319252141e-05,4.065075336256996e-05,4.875212056276723e-08
820,3.879567520925775e-05,3.874457979691215e-05,5.1119322108661436e-08
821,3.700371235026978e-05,3.6947814805898815e-05,5.613093279066561e-08
822,4.680910205934197e-05,4.665221058530733e-05,1.5689646204464225e-07
823,6.357995152939111e-05,6.348444730974734e-05,9.521718169480664e-08
824,7.194895442808047e-05,7.181039109127596e-05,1.39972115675846e-07
825,5.902758130105212e-05,5.892012268304825e-05,1.0807545436364308e-07
826,5.697302185581066e-05,5.688436795026064e-05,8.879113977400266e-08
827,4.7310804802691564e-05,4.718699346994981e-05,1.2340110799868853e-07
828,3.333910717628896e-05,3.321627445984632e-05,1.2519251413323218e-07
829,4.668915789807215e-05,4.649052789318375e-05,1.9933068529098819e-07
830,3.6044715670868754e-05,3.596894384827465e-05,7.573710547603696e-08
831,5.0876809837063774e-05,5.081414929009043e-05,6.277767994333772e-08
832,3.225533873774111e-05,3.219116842956282e-05,6.42711981413413e-08
833,2.751495412667282e-05,2.7421212507761084e-05,9.341993489897504e-08
834,2.2975200408836827e-05,2.2894058929523453e-05,8.194783873705092e-08
835,2.2339132556226104e-05,2.222640614490956e-05,1.1266509147844772e-07
836,2.5246485165553167e-05,2.5099645426962525e-05,1.4740595588591532e-07
837,2.3941103791003115e-05,2.3743652491248213e-05,1.9673134943332116e-07
838,2.0753181161126122e-05,2.058546306216158e-05,1.6921285350690596e-07
839,1.9580293155740947e-05,1.9271981727797538e-05,3.075118968354218e-07
840,1.9744553355849348e-05,1.9475141016300768e-05,2.700671473121474e-07
841,2.3728191081318073e-05,2.3516846340498887e-05,2.117626110020865e-07
842,2.7020225388696417e-05,2.676783515198622e-05,2.541804349220911e-07
843,2.5687040761113167e-05,2.5423076294828206e-05,2.6219399273941235e-07
844,3.2696680136723444e-05,3.234737960156053e-05,3.494741065424023e-07
845,5.7847577409120277e-05,5.738601612392813e-05,4.6621806859548087e-07
846,5.9702528233174235e-05,5.9375430282671005e-05,3.259304719449574e-07
847,5.249098830972798e-05,5.228877125773579e-05,2.0343277640222368e-07
848,4.833017010241747e-05,4.7370645916089416e-05,9.636097502152552e-07
849,6.513134576380253e-05,6.438558193622157e-05,7.39359450108168e-07
850,7.855404692236334e-05,7.83971045166254e-05,1.5572550182696432e-07
851,0.0001354459673166275,0.00013514993770513684,2.955680429295171e-07
852,0.00025166719569824636,0.0002514524385333061,2.1593254473373236e-07
853,0.00033050760976038873,0.0003302685508970171,2.405533621185896e-07
854,0.00037934779538773,0.00037909645470790565,2.538731109780201e-07
855,0.0003743482811842114,0.0003739983367267996,3.5067947123934573e-07
856,0.00029140678816474974,0.000290987896732986,4.1970287156800623e-07
857,0.0002120502758771181,0.00021145441860426217,5.964295723970281e-07
858,0.00012158325989730656,0.00012116364814573899,4.1777823867050756e-07
859,6.142512575024739e-05,6.118867167970166e-05,2.3774249768848676e-07
860,3.360590199008584e-05,3.313381239422597e-05,4.7279812065426086e-07
861,2.3503806005464867e-05,2.3039114239509217e-05,4.6276460352601134e-07
862,1.5702056771260686e-05,1.5519863154622726e-05,1.8379816424385353e-07
863,1.005423200695077e-05,9.7935462690657e-06,2.585519780495815e-07
864,8.550664460926782e-06,8.47129376779776e-06,7.926880840614103e-08
865,6.913930064911256e-06,6.832042345195077e-06,8.206957602396869e-08
866,6.818371275585378e-06,6.5373465076845605e-06,2.7935405455536966e-07
867,6.214123004610883e-06,5.991487341816537e-06,2.2214607042769785e-07
868,5.3120593292987905e-06,4.894403446087381e-06,4.20749842078294e-07
869,4.939970949635608e-06,4.494033873925218e-06,4.4457092940319853e-07
870,4.244826868671225e-06,3.916420610039495e-06,3.2661441196069063e-07
871,4.10738903156016e-06,3.572617288227775e-06,5.429644716059556e-07
872,3.838140401057899e-06,3.2945397379080532e-06,5.401879548116995e-07
873,3.711907311299001e-06,3.1307031349570025e-06,5.796408117930696e-07
874,3.0758251341467258e-06,2.820039071593783e-06,2.5458217578488984e-07
875,3.019139739990351e-06,2.8489976102719083e-06,1.7007040753469482e-07
876,3.727469902514713e-06,3.367591943970183e-06,3.5792018593383546e-07
877,4.046107733302051e-06,3.6898361486237263e-06,3.545575566477055e-07
878,4.976177933713188e-06,4.706890194938751e-06,2.680248769593163e-07
879,5.13462100570905e-06,5.010127551940968e-06,1.237702349499159e-07
880,6.134544037195155e-06,6.0723127717210446e-06,6.201413782491727e-08
881,8.199240255635232e-06,8.009817065612879e-06,1.8904933085650555e-07
882,6.1410441958287265e-06,5.88665398026933e-06,2.5443861773055687e-07
883,5.359448095987318e-06,5.159636657481315e-06,1.9973738574208255e-07
884,6.12132680544164e-06,5.82378197577782e-06,2.975361894641537e-07
885,7.215091500256676e-06,6.9273082772269845e-06,2.887817629471101e-07
886,9.298373697674833e-06,9.017639968078583e-06,2.79060088814731e-07
887,1.308969240199076e-05,1.2917997082695365e-05,1.7388907735949033e-07
888,1.3522598237614147e-05,1.331823932559928e-05,2.059970540813083e-07
889,1.3903102626500186e-05,1.3090473657939583e-05,8.249101597357367e-07
890,2.0093440980417654e-05,1.9195527784177102e-05,8.89979048679379e-07
891,2.2064274162403308e-05,2.1590863980236463e-05,4.721328537016234e-07
892,2.452867920510471e-05,2.437893817841541e-05,1.4896478717218997e-07
893,2.793818748614285e-05,2.7518641218193807e-05,4.2129730104534246e-07
894,2.6746140065370128e-05,2.6250476366840303e-05,4.932131787427352e-07
895,4.023395376862027e-05,4.006788003607653e-05,1.6507996747350262e-07
896,4.987027568859048e-05,4.980059384251945e-05,6.982921973985867e-08
897,6.76939234836027e-05,6.75414630677551e-05,1.5366778427505778e-07
898,6.412518996512517e-05,6.401047721737996e-05,1.1585731840568769e-07
899,5.4303800425259396e-05,5.390960359363817e-05,3.9073387370081036e-07
900,4.235094093019143e-05,4.222367351758294e-05,1.2656525427701126e-07
901,4.1781509935390204e-05,4.161703691352159e-05,1.6383341971959453e-07
902,3.50065492966678e-05,3.482733518467285e-05,1.8017220781985088e-07
