,loss,val_loss,lr
0,0.40373972058296204,0.26121267676353455,0.0005
1,0.2481997311115265,0.24095982313156128,0.0005
2,0.23886440694332123,0.23677869141101837,0.0005
3,0.235581174492836,0.23390156030654907,0.0005
4,0.23005220293998718,0.23514029383659363,0.0005
5,0.21449632942676544,0.18841814994812012,0.0005
6,0.1795729696750641,0.16995440423488617,0.0005
7,0.16810545325279236,0.16278252005577087,0.0005
8,0.16172896325588226,0.15713775157928467,0.0005
9,0.15698152780532837,0.15401390194892883,0.0005
10,0.15357175469398499,0.15077495574951172,0.0005
11,0.15173569321632385,0.14984279870986938,0.0005
12,0.15083707869052887,0.14849616587162018,0.0005
13,0.14942777156829834,0.1471429169178009,0.0005
14,0.14766013622283936,0.14548711478710175,0.0005
15,0.1468696892261505,0.14490120112895966,0.0005
16,0.14574532210826874,0.14397405087947845,0.0005
17,0.14517827332019806,0.1434750258922577,0.0005
18,0.1446060985326767,0.1431739777326584,0.0005
19,0.14457309246063232,0.14349380135536194,0.0005
20,0.1445109248161316,0.1431204229593277,0.0005
21,0.14368149638175964,0.1422700434923172,0.0005
22,0.14342862367630005,0.14227567613124847,0.0005
23,0.14317992329597473,0.14206813275814056,0.0005
24,0.14301837980747223,0.1415078341960907,0.0005
25,0.14247754216194153,0.14117363095283508,0.0005
26,0.1422727406024933,0.14166630804538727,0.0005
27,0.1423303186893463,0.140890970826149,0.0005
28,0.1418539583683014,0.1417873650789261,0.0005
29,0.14191432297229767,0.14081181585788727,0.0005
30,0.1419285386800766,0.1406886726617813,0.0005
31,0.141356959939003,0.14034874737262726,0.0005
32,0.1411231905221939,0.14029715955257416,0.0005
33,0.14117178320884705,0.14013992249965668,0.0005
34,0.1409107744693756,0.14020022749900818,0.0005
35,0.14090202748775482,0.14046862721443176,0.0005
36,0.14078156650066376,0.13987743854522705,0.0005
37,0.1415387988090515,0.14157728850841522,0.0005
38,0.14097094535827637,0.14002251625061035,0.0005
39,0.14059418439865112,0.1399175375699997,0.0005
40,0.1404663473367691,0.13972041010856628,0.0005
41,0.1401723176240921,0.13974806666374207,0.0005
42,0.1401243358850479,0.1397964358329773,0.0005
43,0.14025403559207916,0.13954366743564606,0.0005
44,0.13998809456825256,0.14003871381282806,0.0005
45,0.14016252756118774,0.13968607783317566,0.0005
46,0.13990502059459686,0.13956543803215027,0.0005
47,0.1397053450345993,0.13985180854797363,0.0005
48,0.13967232406139374,0.13974642753601074,0.0005
49,0.1396597921848297,0.1395011693239212,0.0005
50,0.13959302008152008,0.13971661031246185,0.0005
51,0.13955122232437134,0.13939006626605988,0.0005
52,0.13949988782405853,0.13927748799324036,0.0005
53,0.13949187099933624,0.13954128324985504,0.0005
54,0.13933472335338593,0.13941814005374908,0.0005
55,0.1394517421722412,0.13957452774047852,0.0005
56,0.13943219184875488,0.13962256908416748,0.0005
57,0.13926346600055695,0.13944397866725922,0.0005
58,0.13919910788536072,0.1393119841814041,0.0005
59,0.13940967619419098,0.14028465747833252,0.0005
60,0.13919657468795776,0.1395643800497055,0.0005
61,0.1392371654510498,0.13999013602733612,0.0005
62,0.13907478749752045,0.13955193758010864,0.0005
63,0.13886818289756775,0.13952764868736267,0.0005
64,0.13896706700325012,0.13983669877052307,0.0005
65,0.13878360390663147,0.13938142359256744,0.0005
66,0.1385837346315384,0.1393323540687561,0.0005
67,0.13847669959068298,0.1395518034696579,0.0005
68,0.13852138817310333,0.13964320719242096,0.0005
69,0.13866926729679108,0.1400960236787796,0.0005
70,0.13841572403907776,0.1399698406457901,0.0005
71,0.13862286508083344,0.14001435041427612,0.0005
72,0.13852013647556305,0.13956598937511444,0.0005
73,0.13857214152812958,0.1400342434644699,0.0005
74,0.13836531341075897,0.1398421972990036,0.0005
75,0.13836124539375305,0.13959209620952606,0.0005
76,0.13808484375476837,0.1397886723279953,0.0005
77,0.13801684975624084,0.13956019282341003,0.0005
78,0.13785697519779205,0.14015163481235504,0.0005
79,0.13785554468631744,0.13985593616962433,0.0005
80,0.13792374730110168,0.139869824051857,0.0005
81,0.13790063560009003,0.1403406858444214,0.0005
82,0.1378021091222763,0.140255868434906,0.0005
83,0.13772809505462646,0.1399954855442047,0.0005
84,0.13757643103599548,0.14013466238975525,0.0005
85,0.13733576238155365,0.1405719816684723,0.0005
86,0.1374414563179016,0.1405685693025589,0.0005
87,0.1375316083431244,0.14081603288650513,0.0005
88,0.13739138841629028,0.14075499773025513,0.0005
89,0.13714599609375,0.1400042176246643,0.0005
90,0.13714277744293213,0.14070312678813934,0.0005
91,0.13704897463321686,0.1403341144323349,0.0005
92,0.13687752187252045,0.14097023010253906,0.0005
93,0.13712896406650543,0.14096076786518097,0.0005
94,0.1371559351682663,0.14110012352466583,0.0005
95,0.1366807222366333,0.14216411113739014,0.0005
96,0.13654352724552155,0.1410936713218689,0.0005
97,0.13640841841697693,0.14037223160266876,0.0005
98,0.13631413877010345,0.14191050827503204,0.0005
99,0.13647226989269257,0.1408340036869049,0.0005
100,0.13610732555389404,0.14063459634780884,0.0005
101,0.1361890435218811,0.14173975586891174,0.0005
102,0.13611680269241333,0.1426619291305542,0.0005
103,0.1361376941204071,0.1415136158466339,0.0005
104,0.1356275975704193,0.14092347025871277,0.0005
105,0.1355789601802826,0.1430678516626358,0.0005
106,0.13536196947097778,0.14309178292751312,0.0005
107,0.13537448644638062,0.14248304069042206,0.0005
108,0.13560259342193604,0.14145345985889435,0.0005
109,0.13508126139640808,0.14214898645877838,0.0005
110,0.1348668783903122,0.14379087090492249,0.0005
111,0.13443046808242798,0.14343908429145813,0.0005
112,0.13481630384922028,0.14375604689121246,0.0005
113,0.13499462604522705,0.1419350802898407,0.0005
114,0.13434043526649475,0.14484986662864685,0.0005
115,0.13429047167301178,0.14215034246444702,0.0005
116,0.1342107653617859,0.1436886191368103,0.0005
117,0.13373634219169617,0.1438893973827362,0.0005
118,0.13334940373897552,0.1433834582567215,0.0005
119,0.13406918942928314,0.1429549902677536,0.0005
120,0.13303597271442413,0.1461229771375656,0.0005
121,0.1330696940422058,0.14359384775161743,0.0005
122,0.13301222026348114,0.14550286531448364,0.0005
123,0.13223980367183685,0.14597202837467194,0.0005
124,0.1316528469324112,0.1436033993959427,0.0005
125,0.13188157975673676,0.14573530852794647,0.0005
126,0.13174133002758026,0.14464588463306427,0.0005
127,0.1316419094800949,0.1489693522453308,0.0005
128,0.1312227100133896,0.14358636736869812,0.0005
129,0.13094274699687958,0.14429722726345062,0.0005
130,0.13058219850063324,0.14519770443439484,0.0005
131,0.13018155097961426,0.14624562859535217,0.0005
132,0.12947411835193634,0.14474506676197052,0.0005
133,0.13034115731716156,0.14682228863239288,0.0005
134,0.12974978983402252,0.14630238711833954,0.0005
135,0.12823885679244995,0.14625950157642365,0.0005
136,0.1288362741470337,0.14669226109981537,0.0005
137,0.12891414761543274,0.1475476324558258,0.0005
138,0.12817323207855225,0.14868924021720886,0.0005
139,0.12679412961006165,0.15080152451992035,0.0005
140,0.1276020109653473,0.14851239323616028,0.0005
141,0.1263793408870697,0.1530303806066513,0.0005
142,0.1261814534664154,0.14811435341835022,0.0005
143,0.12634411454200745,0.1500324010848999,0.0005
144,0.12590332329273224,0.1500949263572693,0.0005
145,0.12544405460357666,0.1521601676940918,0.0005
146,0.12438889592885971,0.15220139920711517,0.0005
147,0.12431637942790985,0.1532311737537384,0.0005
148,0.12311894446611404,0.15401265025138855,0.0005
149,0.12349000573158264,0.14847275614738464,0.0005
150,0.12352461367845535,0.14935395121574402,0.0005
151,0.12285804003477097,0.15313048660755157,0.0005
152,0.12219453603029251,0.15480180084705353,0.0005
153,0.12055116146802902,0.1522803008556366,0.0005
154,0.12114819884300232,0.15314768254756927,0.0005
155,0.12085132300853729,0.1599859595298767,0.0005
156,0.11984975636005402,0.15518294274806976,0.0005
157,0.1186448484659195,0.1621837615966797,0.0005
158,0.11849354952573776,0.15846508741378784,0.0005
159,0.11752158403396606,0.16196592152118683,0.0005
160,0.11764399707317352,0.1577400416135788,0.0005
161,0.11748873442411423,0.1587376445531845,0.0005
162,0.11633267253637314,0.15909524261951447,0.0005
163,0.11541859060525894,0.1586826741695404,0.0005
164,0.11545594781637192,0.15783637762069702,0.0005
165,0.11487450450658798,0.16228574514389038,0.0005
166,0.11399221420288086,0.15979218482971191,0.0005
167,0.11314354836940765,0.1618024855852127,0.0005
168,0.11226598918437958,0.16445162892341614,0.0005
169,0.11185465008020401,0.16090865433216095,0.0005
170,0.11315659433603287,0.15719982981681824,0.0005
171,0.11114519089460373,0.16187983751296997,0.0005
172,0.11191540211439133,0.16473184525966644,0.0005
173,0.11092181503772736,0.164287269115448,0.0005
174,0.11075908690690994,0.1595311462879181,0.0005
175,0.10948286205530167,0.16556097567081451,0.0005
176,0.1084122434258461,0.165049210190773,0.0005
177,0.10851801931858063,0.16381222009658813,0.0005
178,0.10636086016893387,0.1664326936006546,0.0005
179,0.1065790057182312,0.16516315937042236,0.0005
180,0.10713325440883636,0.16531714797019958,0.0005
181,0.10652028024196625,0.16187866032123566,0.0005
182,0.10561578720808029,0.16927051544189453,0.0005
183,0.10437127947807312,0.16941428184509277,0.0005
184,0.10440893471240997,0.16622775793075562,0.0005
185,0.10291747748851776,0.17107518017292023,0.0005
186,0.1019524484872818,0.17101462185382843,0.0005
187,0.10142485052347183,0.17155884206295013,0.0005
188,0.10023388266563416,0.17662398517131805,0.0005
189,0.10249018669128418,0.16828297078609467,0.0005
190,0.09913857281208038,0.1730015128850937,0.0005
191,0.09947992861270905,0.17326831817626953,0.0005
192,0.09649837017059326,0.17500948905944824,0.0005
193,0.09694289416074753,0.17481158673763275,0.0005
194,0.09751205891370773,0.17498460412025452,0.0005
195,0.09606031328439713,0.16958987712860107,0.0005
196,0.09445600211620331,0.17887941002845764,0.0005
197,0.09336548298597336,0.17934846878051758,0.0005
198,0.09238795191049576,0.17974907159805298,0.0005
199,0.09383371472358704,0.17391887307167053,0.0005
200,0.09354864060878754,0.18463578820228577,0.0005
201,0.09198692440986633,0.17563669383525848,0.0005
202,0.0899205133318901,0.17878012359142303,0.0005
203,0.0883023664355278,0.18431074917316437,0.0005
204,0.08796066790819168,0.17697568237781525,0.0005
205,0.08604182302951813,0.18751177191734314,0.0005
206,0.08686893433332443,0.18153192102909088,0.0005
207,0.08629611134529114,0.18180765211582184,0.0005
208,0.08421993255615234,0.1811855286359787,0.0005
209,0.0853680670261383,0.18069463968276978,0.0005
210,0.08367159962654114,0.18572412431240082,0.0005
211,0.08174719661474228,0.1860838681459427,0.0005
212,0.08026805520057678,0.1866917759180069,0.0005
213,0.08021045476198196,0.18373392522335052,0.0005
214,0.07957512140274048,0.1903422623872757,0.0005
215,0.07861852645874023,0.18658192455768585,0.0005
216,0.07633261382579803,0.18938036262989044,0.0005
217,0.07583404332399368,0.18766652047634125,0.0005
218,0.07549789547920227,0.18708866834640503,0.0005
219,0.07421164959669113,0.18900346755981445,0.0005
220,0.07280783355236053,0.1896556168794632,0.0005
221,0.07202819734811783,0.19223733246326447,0.0005
222,0.07160424441099167,0.18921752274036407,0.0005
223,0.07094305008649826,0.19241774082183838,0.0005
224,0.06914069503545761,0.19776397943496704,0.0005
225,0.06866320967674255,0.18674926459789276,0.0005
226,0.06789322197437286,0.19107605516910553,0.0005
227,0.0649547427892685,0.19604195654392242,0.0005
228,0.06474992632865906,0.19628533720970154,0.0005
229,0.06546217948198318,0.19668105244636536,0.0005
230,0.06611315160989761,0.19195355474948883,0.0005
231,0.0660366490483284,0.1986854076385498,0.0005
232,0.066414013504982,0.2010727822780609,0.0005
233,0.06466422975063324,0.18862618505954742,0.0005
234,0.06537731736898422,0.2021847665309906,0.0005
235,0.06358721107244492,0.19296197593212128,0.0005
236,0.0611669160425663,0.19787010550498962,0.0005
237,0.058694250881671906,0.20004920661449432,0.0005
238,0.06319423764944077,0.20246639847755432,0.0005
239,0.05847298353910446,0.20685704052448273,0.0005
240,0.05633506551384926,0.20287121832370758,0.0005
241,0.05417197570204735,0.20187582075595856,0.0005
242,0.05294055864214897,0.20470789074897766,0.0005
243,0.051537614315748215,0.2060174196958542,0.0005
244,0.05152402073144913,0.20887985825538635,0.0005
245,0.04857437312602997,0.2042827159166336,0.0005
246,0.047504961490631104,0.21183344721794128,0.0005
247,0.04639783874154091,0.21021445095539093,0.0005
248,0.04525480419397354,0.21431438624858856,0.0005
249,0.0449029915034771,0.20984269678592682,0.0005
250,0.044913459569215775,0.21021515130996704,0.0005
251,0.04399099946022034,0.21291697025299072,0.0005
252,0.042407598346471786,0.21244461834430695,0.0005
253,0.043508969247341156,0.21549883484840393,0.0005
254,0.042615991085767746,0.21349090337753296,0.0005
255,0.04243385046720505,0.20702888071537018,0.0005
256,0.042164307087659836,0.21167299151420593,0.0005
257,0.040617138147354126,0.21187978982925415,0.0005
258,0.03977715224027634,0.2142050862312317,0.0005
259,0.03872711956501007,0.21440425515174866,0.0005
260,0.038703110069036484,0.21544890105724335,0.0005
261,0.038122132420539856,0.21200017631053925,0.0005
262,0.036930978298187256,0.21641038358211517,0.0005
263,0.036713678389787674,0.21274057030677795,0.0005
264,0.03551042079925537,0.2155444622039795,0.0005
265,0.03500775992870331,0.21970728039741516,0.0005
266,0.03531466796994209,0.21680864691734314,0.0005
267,0.03482828289270401,0.2168714553117752,0.0005
268,0.033756788820028305,0.22014181315898895,0.0005
269,0.03344244137406349,0.22348421812057495,0.0005
270,0.032492708414793015,0.22304023802280426,0.0005
271,0.032868873327970505,0.22353820502758026,0.0005
272,0.033214934170246124,0.22476324439048767,0.0005
273,0.03347411006689072,0.21663141250610352,0.0005
274,0.03326524794101715,0.21720203757286072,0.0005
275,0.03231828659772873,0.21549803018569946,0.0005
276,0.0325685515999794,0.21638377010822296,0.0005
277,0.03186508268117905,0.2177421748638153,0.0005
278,0.03202144056558609,0.22073985636234283,0.0005
279,0.030887018889188766,0.22033217549324036,0.0005
280,0.030690951272845268,0.21782450377941132,0.0005
281,0.029651543125510216,0.22141733765602112,0.0005
282,0.027858292683959007,0.22507701814174652,0.0005
283,0.026099221780896187,0.22662189602851868,0.0005
284,0.02588687650859356,0.22788439691066742,0.0005
285,0.024845527485013008,0.22373153269290924,0.0005
286,0.024678317829966545,0.2224932610988617,0.0005
287,0.025907736271619797,0.2249705046415329,0.0005
288,0.025234660133719444,0.22516871988773346,0.0005
289,0.024516617879271507,0.22303558886051178,0.0005
290,0.02450617589056492,0.2181115746498108,0.0005
291,0.02595357783138752,0.2284775972366333,0.0005
292,0.027153529226779938,0.22408413887023926,0.0005
293,0.02767047844827175,0.2256837785243988,0.0005
294,0.031788744032382965,0.21954548358917236,0.0005
295,0.033681418746709824,0.2221398651599884,0.0005
296,0.03277701511979103,0.22605730593204498,0.0005
297,0.03289375081658363,0.21133911609649658,0.0005
298,0.04165273159742355,0.21585240960121155,0.0005
299,0.04213714227080345,0.21961480379104614,0.0005
300,0.03959432989358902,0.22070178389549255,0.0005
301,0.03872453421354294,0.2237672507762909,0.0005
302,0.036354269832372665,0.21427343785762787,0.0005
303,0.0340762734413147,0.22528326511383057,0.0005
304,0.030467215925455093,0.2225770205259323,0.0005
305,0.027156610041856766,0.22681565582752228,0.0005
306,0.024470344185829163,0.221652090549469,0.0005
307,0.02423366717994213,0.22369447350502014,0.0005
308,0.021232156082987785,0.22369568049907684,0.0005
309,0.02005878835916519,0.22381263971328735,0.0005
310,0.019478488713502884,0.2296416461467743,0.0005
311,0.017895223572850227,0.22881945967674255,0.0005
312,0.017184985801577568,0.22975300252437592,0.0005
313,0.01669291779398918,0.22893743216991425,0.0005
314,0.016044937074184418,0.22938689589500427,0.0005
315,0.015614710748195648,0.22829139232635498,0.0005
316,0.015306991524994373,0.2305155247449875,0.0005
317,0.01537349633872509,0.23182281851768494,0.0005
318,0.015616974793374538,0.22755639255046844,0.0005
319,0.015371862798929214,0.22829613089561462,0.0005
320,0.015606196597218513,0.23006613552570343,0.0005
321,0.01608344353735447,0.2301243394613266,0.0005
322,0.015516737475991249,0.23188434541225433,0.0005
323,0.015019147656857967,0.23228195309638977,0.0005
324,0.014939412474632263,0.23119498789310455,0.0005
325,0.015168041922152042,0.2301987111568451,0.0005
326,0.01565445028245449,0.22919206321239471,0.0005
327,0.016278455033898354,0.2307605892419815,0.0005
328,0.016362400725483894,0.22757002711296082,0.0005
329,0.01601611264050007,0.23041360080242157,0.0005
330,0.01615826226770878,0.22836464643478394,0.0005
331,0.01700476184487343,0.22584958374500275,0.0005
332,0.018901750445365906,0.23547571897506714,0.0005
333,0.020291317254304886,0.231545090675354,0.0005
334,0.020045047625899315,0.22581806778907776,0.0005
335,0.02097170613706112,0.23114091157913208,0.0005
336,0.021084433421492577,0.22433072328567505,0.0005
337,0.02570430003106594,0.22868062555789948,0.0005
338,0.025774961337447166,0.2217717170715332,0.0005
339,0.0251875352114439,0.22042082250118256,0.0005
340,0.02323121204972267,0.22574661672115326,0.0005
341,0.022039886564016342,0.22361917793750763,0.0005
342,0.02035045064985752,0.2270449548959732,0.0005
343,0.01961282268166542,0.22166073322296143,0.0005
344,0.025169147178530693,0.2200891077518463,0.0005
345,0.03202653303742409,0.2226923406124115,0.0005
346,0.03400696441531181,0.22079893946647644,0.0005
347,0.03568914905190468,0.2198362946510315,0.0005
348,0.033093079924583435,0.222037672996521,0.0005
349,0.031426865607500076,0.21591073274612427,0.0005
350,0.032538075000047684,0.22381462156772614,0.0005
351,0.03100777603685856,0.222686767578125,0.0005
352,0.02713947929441929,0.22746610641479492,0.0005
353,0.023015670478343964,0.22846895456314087,0.0005
354,0.022166715934872627,0.22734659910202026,0.0005
355,0.01895211450755596,0.22342856228351593,0.0005
356,0.016686059534549713,0.23067410290241241,0.0005
357,0.016811853274703026,0.22660353779792786,0.0005
358,0.015155122615396976,0.23198048770427704,0.0005
359,0.015008368529379368,0.23144732415676117,0.0005
360,0.013164937496185303,0.23061950504779816,0.0005
361,0.0121181420981884,0.23278450965881348,0.0005
362,0.011269036680459976,0.23494261503219604,0.0005
363,0.010692397132515907,0.23223325610160828,0.0005
364,0.010372653603553772,0.2315034568309784,0.0005
365,0.009968389756977558,0.23240281641483307,0.0005
366,0.009829484857618809,0.23189610242843628,0.0005
367,0.009638269431889057,0.2338864952325821,0.0005
368,0.009597599506378174,0.23486274480819702,0.0005
369,0.009437141939997673,0.2355162501335144,0.0005
370,0.009264945052564144,0.2336202710866928,0.0005
371,0.01018183957785368,0.23329414427280426,0.0005
372,0.01052443590015173,0.23289459943771362,0.0005
373,0.01164719182997942,0.2346152514219284,0.0005
374,0.01089651882648468,0.2315284162759781,0.0005
375,0.01086487714201212,0.2329612523317337,0.0005
376,0.010433276183903217,0.23352235555648804,0.0005
377,0.010619928129017353,0.233739972114563,0.0005
378,0.010349266231060028,0.22936221957206726,0.0005
379,0.011038831435143948,0.2329128533601761,0.0005
380,0.010938555002212524,0.2335980087518692,0.0005
381,0.011374072171747684,0.23168744146823883,0.0005
382,0.011576425284147263,0.23528049886226654,0.0005
383,0.012313944287598133,0.23238804936408997,0.0005
384,0.012035023421049118,0.23321126401424408,0.0005
385,0.012506986036896706,0.23049426078796387,0.0005
386,0.012385555543005466,0.2318429946899414,0.0005
387,0.011903392150998116,0.23477083444595337,0.0005
388,0.012488997541368008,0.23202219605445862,0.0005
389,0.013238167390227318,0.22973966598510742,0.0005
390,0.016643298789858818,0.2333163470029831,0.0005
391,0.016180748119950294,0.23115938901901245,0.0005
392,0.018068432807922363,0.23067718744277954,0.0005
393,0.01906920224428177,0.2290484756231308,0.0005
394,0.026108456775546074,0.225833922624588,0.0005
395,0.036013372242450714,0.22252771258354187,0.0005
396,0.04706881567835808,0.21485544741153717,0.0005
397,0.05583856999874115,0.20165826380252838,0.0005
398,0.05847463011741638,0.2033005654811859,0.0005
399,0.050784289836883545,0.21416379511356354,0.0005
400,0.04053346812725067,0.21403402090072632,0.0005
401,0.03825419396162033,0.21904975175857544,0.0005
402,0.039181727916002274,0.22619420289993286,0.0005
403,0.031883593648672104,0.22150467336177826,0.0005
404,0.031174324452877045,0.22894954681396484,0.0005
405,0.025321954861283302,0.22711220383644104,0.0005
406,0.02026386186480522,0.22587308287620544,0.0005
407,0.016549885272979736,0.22901186347007751,0.0005
408,0.01531832106411457,0.22980575263500214,0.0005
409,0.013845223002135754,0.23036257922649384,0.0005
410,0.01198189053684473,0.2313503623008728,0.0005
411,0.010893182829022408,0.22956234216690063,0.0005
412,0.01037875097244978,0.23021183907985687,0.0005
413,0.010511068627238274,0.23120084404945374,0.0005
414,0.009715970605611801,0.23334074020385742,0.0005
415,0.009254515171051025,0.2322731912136078,0.0005
416,0.009193331934511662,0.23085744678974152,0.0005
417,0.00905790738761425,0.23253077268600464,0.0005
418,0.009432130493223667,0.23212875425815582,0.0005
419,0.008923187851905823,0.23108090460300446,0.0005
420,0.008833464235067368,0.23352684080600739,0.0005
421,0.008222969248890877,0.2332809567451477,0.0005
422,0.008766277693212032,0.23402130603790283,0.0005
423,0.008215656504034996,0.23467376828193665,0.0005
424,0.008142582140862942,0.2334708720445633,0.0005
425,0.00785095989704132,0.2337912619113922,0.0005
426,0.007832827046513557,0.23319168388843536,0.0005
427,0.007647144142538309,0.235235333442688,0.0005
428,0.007611165754497051,0.23349489271640778,0.0005
429,0.007447091396898031,0.23369769752025604,0.0005
430,0.007299593184143305,0.23622596263885498,0.0005
431,0.007223564200103283,0.2365097850561142,0.0005
432,0.007518070284277201,0.2339330017566681,0.0005
433,0.007280898280441761,0.23519514501094818,0.0005
434,0.00739081809297204,0.23521822690963745,0.0005
435,0.007502665277570486,0.23351410031318665,0.0005
436,0.0074025304056704044,0.23555848002433777,0.0005
437,0.007466826122254133,0.2339431494474411,0.0005
438,0.007412638049572706,0.23599576950073242,0.0005
439,0.007510344497859478,0.23467795550823212,0.0005
440,0.007488985080271959,0.23739376664161682,0.0005
441,0.007602144964039326,0.2317889779806137,0.0005
442,0.007683273870497942,0.23672127723693848,0.0005
443,0.0076482780277729034,0.23531173169612885,0.0005
444,0.007688845507800579,0.23430553078651428,0.0005
445,0.007884032092988491,0.2351122498512268,0.0005
446,0.00812464952468872,0.2360590398311615,0.0005
447,0.007998756133019924,0.23231691122055054,0.0005
448,0.007998223416507244,0.23502063751220703,0.0005
449,0.007978184148669243,0.2368742972612381,0.0005
450,0.007900267839431763,0.23570634424686432,0.0005
451,0.007750083226710558,0.23441465198993683,0.0005
452,0.007714619394391775,0.23597052693367004,0.0005
453,0.0076383198611438274,0.23528353869915009,0.0005
454,0.0080063221976161,0.2344505786895752,0.0005
455,0.00833685789257288,0.23342080414295197,0.0005
456,0.008356078527867794,0.23456475138664246,0.0005
457,0.008500550873577595,0.23635630309581757,0.0005
458,0.008434029296040535,0.23473569750785828,0.0005
459,0.008920622058212757,0.23322880268096924,0.0005
460,0.010102327913045883,0.23111356794834137,0.0005
461,0.012243489734828472,0.2281072735786438,0.0005
462,0.017637351527810097,0.22901569306850433,0.0005
463,0.026227109134197235,0.22660769522190094,0.0005
464,0.03920440003275871,0.2185208797454834,0.0005
465,0.04845944792032242,0.21375057101249695,0.0005
466,0.05382252112030983,0.1998441219329834,0.0005
467,0.05138038471341133,0.20841486752033234,0.0005
468,0.04723181203007698,0.21656344830989838,0.0005
469,0.03559979051351547,0.2159256786108017,0.0005
470,0.02901485562324524,0.22519443929195404,0.0005
471,0.02453739009797573,0.22534559667110443,0.0005
472,0.01998838223516941,0.22744818031787872,0.0005
473,0.016496682539582253,0.22861823439598083,0.0005
474,0.013923663645982742,0.22937244176864624,0.0005
475,0.011625400744378567,0.23269258439540863,0.0005
476,0.010787133127450943,0.23147200047969818,0.0005
477,0.010004536248743534,0.23144254088401794,0.0005
478,0.009501366876065731,0.23245757818222046,0.0005
479,0.008772713132202625,0.23728710412979126,0.0005
480,0.008353154174983501,0.23508918285369873,0.0005
481,0.008506438694894314,0.2322777956724167,0.0005
482,0.008063701912760735,0.2356525957584381,0.0005
483,0.007465955335646868,0.233796164393425,0.0005
484,0.007005954626947641,0.23402546346187592,0.0005
485,0.006635876838117838,0.23699158430099487,0.0005
486,0.006462304387241602,0.23667405545711517,0.0005
487,0.00635523023083806,0.2357959896326065,0.0005
488,0.006240760907530785,0.23520293831825256,0.0005
489,0.006177376490086317,0.23430302739143372,0.0005
490,0.006271129008382559,0.23555207252502441,0.0005
491,0.0063017853535711765,0.2362213134765625,0.0005
492,0.006170300766825676,0.23597723245620728,0.0005
493,0.005990886595100164,0.23911091685295105,0.0005
494,0.0060948701575398445,0.23605521023273468,0.0005
495,0.006157367955893278,0.23478586971759796,0.0005
496,0.0061777932569384575,0.23783408105373383,0.0005
497,0.006092298310250044,0.23770275712013245,0.0005
498,0.0059331259690225124,0.23696056008338928,0.0005
499,0.005992068909108639,0.23529452085494995,0.0005
500,0.006074446253478527,0.23689700663089752,0.0005
501,0.005939036142081022,0.23526622354984283,0.0005
502,0.0058421790599823,0.23638689517974854,0.0005
503,0.005942722782492638,0.23648390173912048,0.0005
504,0.006106994114816189,0.2367548942565918,0.0005
505,0.006304998882114887,0.2337716668844223,0.0005
506,0.006342502310872078,0.2378135323524475,0.0005
507,0.006350324023514986,0.2363927662372589,0.0005
508,0.006353120319545269,0.23628875613212585,0.0005
509,0.006387615110725164,0.23808056116104126,0.0005
510,0.006795788649469614,0.23510177433490753,0.0005
511,0.006710785441100597,0.23687396943569183,0.0005
512,0.00672486424446106,0.2348516285419464,0.0005
513,0.006760600488632917,0.23636791110038757,0.0005
514,0.007146032992750406,0.23744075000286102,0.0005
515,0.007055935449898243,0.236189067363739,0.0005
516,0.007031100802123547,0.23040771484375,0.0005
517,0.007899665273725986,0.23594419658184052,0.0005
518,0.008238243870437145,0.2363153100013733,0.0005
519,0.008396029472351074,0.23434747755527496,0.0005
520,0.008554612286388874,0.23729082942008972,0.0005
521,0.009162411093711853,0.23554888367652893,0.0005
522,0.01661795936524868,0.23198100924491882,0.0005
523,0.023855440318584442,0.22482171654701233,0.0005
524,0.035581231117248535,0.22132879495620728,0.0005
525,0.04822370782494545,0.20492683351039886,0.0005
526,0.0586516372859478,0.2049015909433365,0.0005
527,0.0604880228638649,0.20487825572490692,0.0005
528,0.05054083839058876,0.21432997286319733,0.0005
529,0.037681177258491516,0.21455474197864532,0.0005
530,0.028019659221172333,0.2178349792957306,0.0005
531,0.024751387536525726,0.22796157002449036,0.0005
532,0.021740028634667397,0.22935664653778076,0.0005
533,0.018723798915743828,0.2287314087152481,0.0005
534,0.0162412840873003,0.23130039870738983,0.0005
535,0.01479287724941969,0.2309972494840622,0.0005
536,0.01144511066377163,0.23001842200756073,0.0005
537,0.00960306916385889,0.23179693520069122,0.0005
538,0.008514315821230412,0.23501542210578918,0.0005
539,0.007840894162654877,0.23383639752864838,0.0005
540,0.007940373383462429,0.23449954390525818,0.0005
541,0.007575735449790955,0.23317855596542358,0.0005
542,0.006941592786461115,0.23477040231227875,0.0005
543,0.006749294698238373,0.23587371408939362,0.0005
544,0.0062491106800735,0.2334519624710083,0.0005
545,0.0062029375694692135,0.23342882096767426,0.0005
546,0.006260785274207592,0.23312106728553772,0.0005
547,0.005836084950715303,0.23331661522388458,0.0005
548,0.006275681778788567,0.23455944657325745,0.0005
549,0.006005431059747934,0.2345704883337021,0.0005
550,0.005864602979272604,0.2366383969783783,0.0005
551,0.005807296838611364,0.23615707457065582,0.0005
552,0.0054769511334598064,0.23458373546600342,0.0005
553,0.0055318912491202354,0.23740628361701965,0.0005
554,0.005337968003004789,0.23551732301712036,0.0005
555,0.005419595632702112,0.23580996692180634,0.0005
556,0.00517586013302207,0.2367498129606247,0.0005
557,0.005093088839203119,0.23588404059410095,0.0005
558,0.005179523956030607,0.23687322437763214,0.0005
559,0.005125921219587326,0.2358001172542572,0.0005
560,0.005156164523214102,0.23454424738883972,0.0005
561,0.005219313316047192,0.2371964305639267,0.0005
562,0.005116827320307493,0.2364148050546646,0.0005
563,0.005132598336786032,0.23591239750385284,0.0005
564,0.005212319083511829,0.23344899713993073,0.0005
565,0.005270299967378378,0.23693476617336273,0.0005
566,0.005345036741346121,0.23579329252243042,0.0005
567,0.005281152203679085,0.2346542924642563,0.0005
568,0.00544674601405859,0.23651982843875885,0.0005
569,0.005659652873873711,0.23732243478298187,0.0005
570,0.005690745543688536,0.2354375272989273,0.0005
571,0.005658111535012722,0.23684771358966827,0.0005
572,0.005674522370100021,0.23570704460144043,0.0005
573,0.005973891355097294,0.23772850632667542,0.0005
574,0.00649100448936224,0.2369028925895691,0.0005
575,0.0064503806643188,0.23491324484348297,0.0005
576,0.00666069146245718,0.23378834128379822,0.0005
577,0.006391226314008236,0.24065425992012024,0.0005
578,0.006998617202043533,0.23528732359409332,0.0005
579,0.0069801220670342445,0.23569579422473907,0.0005
580,0.007008140906691551,0.23833929002285004,0.0005
581,0.0067068408243358135,0.23953063786029816,0.0005
582,0.00747394934296608,0.23632898926734924,0.0005
583,0.007909098640084267,0.2325933426618576,0.0005
584,0.008489780128002167,0.24022610485553741,0.0005
585,0.008611075580120087,0.2314515858888626,0.0005
586,0.009198787622153759,0.23326782882213593,0.0005
587,0.00866337213665247,0.23675371706485748,0.0005
588,0.009200680069625378,0.23626959323883057,0.0005
589,0.009263272397220135,0.23377731442451477,0.0005
590,0.010866513475775719,0.23937346041202545,0.0005
591,0.030610378831624985,0.2282903790473938,0.0005
592,0.04325180500745773,0.20583611726760864,0.0005
593,0.04979066923260689,0.21154111623764038,0.0005
594,0.05217675864696503,0.21175512671470642,0.0005
595,0.04563364386558533,0.21620133519172668,0.0005
596,0.037265632301568985,0.22002622485160828,0.0005
597,0.02964050881564617,0.2174634337425232,0.0005
598,0.028513770550489426,0.222340926527977,0.0005
599,0.020915374159812927,0.22560036182403564,0.0005
600,0.015619778074324131,0.22972895205020905,0.0005
601,0.011332394555211067,0.23131075501441956,0.0005
602,0.009259575046598911,0.23247721791267395,0.0005
603,0.008069341070950031,0.23252978920936584,0.0005
604,0.007662726566195488,0.2345798909664154,0.0005
605,0.006927624810487032,0.2309286892414093,0.0005
606,0.006442295387387276,0.23177990317344666,0.0005
607,0.007075863890349865,0.23163306713104248,0.0005
608,0.006263562012463808,0.2345503717660904,0.0005
609,0.005820303689688444,0.2340337038040161,0.0005
610,0.005522464867681265,0.2338089644908905,0.0005
611,0.005378811154514551,0.23624756932258606,0.0005
612,0.0056529236026108265,0.23395158350467682,0.0005
613,0.00559786893427372,0.234816312789917,0.0005
614,0.005395654588937759,0.23502002656459808,0.0005
615,0.005322970915585756,0.23290590941905975,0.0005
616,0.005087472032755613,0.23600590229034424,0.0005
617,0.005045728292316198,0.23493407666683197,0.0005
618,0.005133600905537605,0.23552894592285156,0.0005
619,0.005037069320678711,0.23424412310123444,0.0005
620,0.004940357990562916,0.23453465104103088,0.0005
621,0.005223582964390516,0.2331952154636383,0.0005
622,0.005105543881654739,0.23596231639385223,0.0005
623,0.005057207774370909,0.23564402759075165,0.0005
624,0.0051395404152572155,0.23488526046276093,0.0005
625,0.0049028596840798855,0.2362826019525528,0.0005
626,0.004658461548388004,0.2345200777053833,0.0005
627,0.004674614407122135,0.23907873034477234,0.0005
628,0.0049169124104082584,0.23519395291805267,0.0005
629,0.004845724441111088,0.23455095291137695,0.0005
630,0.005053437314927578,0.23538394272327423,0.0005
631,0.0050596194341778755,0.2368541657924652,0.0005
632,0.0050220671109855175,0.2363276332616806,0.0005
633,0.005121846683323383,0.23447753489017487,0.0005
634,0.004922931548207998,0.23459692299365997,0.0005
635,0.004887791350483894,0.23464472591876984,0.0005
636,0.005116702988743782,0.23616470396518707,0.0005
637,0.005031850654631853,0.2355160117149353,0.0005
638,0.005030654836446047,0.23620647192001343,0.0005
639,0.005638101138174534,0.2360266149044037,0.0005
640,0.0054398407228291035,0.23535160720348358,0.0005
641,0.0054487125016748905,0.23456965386867523,0.0005
642,0.005675752181559801,0.23712563514709473,0.0005
643,0.005652444902807474,0.2352086305618286,0.0005
644,0.005629141815006733,0.23309549689292908,0.0005
645,0.005664161406457424,0.23487912118434906,0.0005
646,0.005934956483542919,0.23655608296394348,0.0005
647,0.005751179065555334,0.23334747552871704,0.0005
648,0.006130887195467949,0.2320515662431717,0.0005
649,0.006613540463149548,0.23649144172668457,0.0005
650,0.0076765031553804874,0.23634374141693115,0.0005
651,0.01170033123344183,0.23588237166404724,0.0005
652,0.014420255087316036,0.23078025877475739,0.0005
653,0.020800532773137093,0.2184988260269165,0.0005
654,0.03695887699723244,0.21043998003005981,0.0005
655,0.04547169804573059,0.20902091264724731,0.0005
656,0.047911137342453,0.21105855703353882,0.0005
657,0.0388726107776165,0.21191179752349854,0.0005
658,0.0402970127761364,0.21657322347164154,0.0005
659,0.03156613931059837,0.22065067291259766,0.0005
660,0.022681884467601776,0.22374212741851807,0.0005
661,0.017901822924613953,0.23240678012371063,0.0005
662,0.015293600969016552,0.22875148057937622,0.0005
663,0.011578674428164959,0.22782966494560242,0.0005
664,0.00954889040440321,0.23080065846443176,0.0005
665,0.00799529068171978,0.23144526779651642,0.0005
666,0.00704776169732213,0.2326650321483612,0.0005
667,0.006635667290538549,0.22966018319129944,0.0005
668,0.006354045122861862,0.23261582851409912,0.0005
669,0.005983913317322731,0.23178847134113312,0.0005
670,0.005756593309342861,0.2324528992176056,0.0005
671,0.0055530318059027195,0.23407772183418274,0.0005
672,0.005087638273835182,0.23386456072330475,0.0005
673,0.0051347240805625916,0.23474012315273285,0.0005
674,0.00487991189584136,0.2342926263809204,0.0005
675,0.0049689756706357,0.23657433688640594,0.0005
676,0.004931465722620487,0.23527613282203674,0.0005
677,0.004702823702245951,0.2348659634590149,0.0005
678,0.004445125814527273,0.23539218306541443,0.0005
679,0.004340398591011763,0.2354949712753296,0.0005
680,0.00423651747405529,0.23550854623317719,0.0005
681,0.0059333923272788525,0.23217250406742096,0.0005
682,0.0066648731008172035,0.23748216032981873,0.0005
683,0.005448538344353437,0.23420293629169464,0.0005
684,0.004822620190680027,0.23453189432621002,0.0005
685,0.004603183828294277,0.2354077249765396,0.0005
686,0.004496633540838957,0.23417800664901733,0.0005
687,0.004388281609863043,0.2377227395772934,0.0005
688,0.004496478941291571,0.23562394082546234,0.0005
689,0.004554209765046835,0.23531828820705414,0.0005
690,0.0043284171260893345,0.23726581037044525,0.0005
691,0.004208012484014034,0.2356853187084198,0.0005
692,0.0045999702997505665,0.23019030690193176,0.0005
693,0.005338023416697979,0.23371325433254242,0.0005
694,0.0049004326574504375,0.2373235821723938,0.0005
695,0.004685862455517054,0.23463015258312225,0.0005
696,0.004443814046680927,0.2349419891834259,0.0005
697,0.004643765278160572,0.23549111187458038,0.0005
698,0.004591479431837797,0.23771633207798004,0.0005
699,0.004720372147858143,0.23577098548412323,0.0005
700,0.004751440603286028,0.23593299090862274,0.0005
701,0.004719558637589216,0.23423460125923157,0.0005
702,0.004862955771386623,0.2371671199798584,0.0005
703,0.004802756942808628,0.2354336380958557,0.0005
704,0.005049827042967081,0.23300586640834808,0.0005
705,0.004966292064636946,0.23514927923679352,0.0005
706,0.004933561664074659,0.23712244629859924,0.0005
707,0.0053056376054883,0.23395004868507385,0.0005
708,0.005273280665278435,0.23417773842811584,0.0005
709,0.005454659927636385,0.23548156023025513,0.0005
710,0.005738782696425915,0.23711346089839935,0.0005
711,0.005591872148215771,0.23500624299049377,0.0005
712,0.005231712944805622,0.2341259866952896,0.0005
713,0.005130398087203503,0.23773452639579773,0.0005
714,0.005411101039499044,0.2367146611213684,0.0005
715,0.005220372695475817,0.23636147379875183,0.0005
716,0.005245151463896036,0.2349749505519867,0.0005
717,0.004958221688866615,0.23464041948318481,0.0005
718,0.004940781742334366,0.23248925805091858,0.0005
719,0.005745856557041407,0.23542696237564087,0.0005
720,0.007619439158588648,0.23267337679862976,0.0005
721,0.009646601974964142,0.2306467890739441,0.0005
722,0.016332460567355156,0.22557954490184784,0.0005
723,0.029354771599173546,0.23102059960365295,0.0005
724,0.04240242764353752,0.20950837433338165,0.0005
725,0.05820199474692345,0.2064647674560547,0.0005
726,0.05681628733873367,0.19865268468856812,0.0005
727,0.04918007180094719,0.21191611886024475,0.0005
728,0.03927076607942581,0.21331030130386353,0.0005
729,0.03321482241153717,0.21404889225959778,0.0005
730,0.02544240467250347,0.21868333220481873,0.0005
731,0.01963602565228939,0.2227800190448761,0.0005
732,0.015516755171120167,0.22565403580665588,0.0005
733,0.012907187454402447,0.23284360766410828,0.0005
734,0.01106075756251812,0.23038426041603088,0.0005
735,0.010648212395608425,0.22465741634368896,0.0005
736,0.009472747333347797,0.2323133945465088,0.0005
737,0.008456681855022907,0.23090647161006927,0.0005
738,0.007440879940986633,0.23233887553215027,0.0005
739,0.006401862949132919,0.2315939962863922,0.0005
740,0.006396057549864054,0.23475316166877747,0.0005
741,0.006040585692971945,0.23269939422607422,0.0005
742,0.006615242455154657,0.2307165563106537,0.0005
743,0.006646282970905304,0.23422738909721375,0.0005
744,0.005644270684570074,0.2322809249162674,0.0005
745,0.005228029098361731,0.23511184751987457,0.0005
746,0.00492803705856204,0.23304994404315948,0.0005
747,0.0048116883262991905,0.2353077530860901,0.0005
748,0.004840273875743151,0.23444606363773346,0.0005
749,0.00460034841671586,0.23534446954727173,0.0005
750,0.004537952598184347,0.23688992857933044,0.0005
751,0.004407444968819618,0.2343212217092514,0.0005
752,0.004480123054236174,0.23553018271923065,0.0005
753,0.004315545316785574,0.23312844336032867,0.0005
754,0.004238963592797518,0.23451265692710876,0.0005
755,0.004729918669909239,0.2366095930337906,0.0005
756,0.004406477324664593,0.23549841344356537,0.0005
757,0.00410109618678689,0.23424851894378662,0.0005
758,0.004063847474753857,0.23557256162166595,0.0005
759,0.004286131355911493,0.2343273162841797,0.0005
760,0.004204897675663233,0.23448807001113892,0.0005
761,0.0041966852732002735,0.2355208396911621,0.0005
762,0.004043583758175373,0.23523160815238953,0.0005
763,0.004029093310236931,0.23476162552833557,0.0005
764,0.004026205278933048,0.23621070384979248,0.0005
765,0.0039044953882694244,0.23683638870716095,0.0005
766,0.004090731963515282,0.2359820455312729,0.0005
767,0.004329712595790625,0.23621569573879242,0.0005
768,0.004308450035750866,0.2351919263601303,0.0005
769,0.004079632461071014,0.23526957631111145,0.0005
770,0.004037305247038603,0.23601016402244568,0.0005
771,0.004143950529396534,0.23490646481513977,0.0005
772,0.0040314351208508015,0.23392286896705627,0.0005
773,0.00412312475964427,0.2347889542579651,0.0005
774,0.004074821248650551,0.23466557264328003,0.0005
775,0.004275391809642315,0.23476377129554749,0.0005
776,0.00441129831597209,0.2362683266401291,0.0005
777,0.004392656497657299,0.23641325533390045,0.0005
778,0.004532113205641508,0.23271694779396057,0.0005
779,0.004929340444505215,0.23406019806861877,0.0005
780,0.004865352530032396,0.23289711773395538,0.0005
781,0.00485068978741765,0.23390664160251617,0.0005
782,0.004790653474628925,0.2352471947669983,0.0005
783,0.004944224841892719,0.23632419109344482,0.0005
784,0.005252259783446789,0.2347870022058487,0.0005
785,0.005378693342208862,0.23523913323879242,0.0005
786,0.005009721964597702,0.23479238152503967,0.0005
787,0.004769391380250454,0.23497553169727325,0.0005
788,0.004795071668922901,0.2391510009765625,0.0005
789,0.005026387050747871,0.23513872921466827,0.0005
790,0.004931547213345766,0.2333165407180786,0.0005
791,0.004898967687040567,0.23659469187259674,0.0005
792,0.004841857124119997,0.2360369861125946,0.0005
793,0.004811333026736975,0.23518721759319305,0.0005
794,0.005043280776590109,0.234465554356575,0.0005
795,0.00478789210319519,0.23644708096981049,0.0005
796,0.005010153166949749,0.23849603533744812,0.0005
797,0.005047880113124847,0.23655888438224792,0.0005
798,0.004861993249505758,0.23659895360469818,0.0005
799,0.005106449127197266,0.23390115797519684,0.0005
800,0.005041320808231831,0.23618189990520477,0.0005
801,0.0050561134703457355,0.23461274802684784,0.0005
802,0.005705687217414379,0.23566515743732452,0.0005
803,0.012524493038654327,0.2240070104598999,0.0005
804,0.028216278180480003,0.22661158442497253,0.0005
805,0.040225859731435776,0.21766982972621918,0.0005
806,0.04978375881910324,0.2125484198331833,0.0005
807,0.04593868553638458,0.21302580833435059,0.0005
808,0.03794834762811661,0.2168010175228119,0.0005
809,0.028300264850258827,0.2287820726633072,0.0005
810,0.024131715297698975,0.22136786580085754,0.0005
811,0.019795073196291924,0.22451114654541016,0.0005
812,0.018402786925435066,0.22783342003822327,0.0005
813,0.014886889606714249,0.22782175242900848,0.0005
814,0.011360157281160355,0.2302142083644867,0.0005
815,0.011713262647390366,0.23022082448005676,0.0005
816,0.012991231866180897,0.22748512029647827,0.0005
817,0.0128564964979887,0.23136739432811737,0.0005
818,0.00896116066724062,0.22924132645130157,0.0005
819,0.00687234103679657,0.23442962765693665,0.0005
820,0.006259619724005461,0.23238670825958252,0.0005
821,0.005310283042490482,0.23403142392635345,0.0005
822,0.004818712826818228,0.23346221446990967,0.0005
823,0.004982504528015852,0.23570208251476288,0.0005
824,0.004587368108332157,0.23326562345027924,0.0005
825,0.004659778438508511,0.23401927947998047,0.0005
826,0.004728108644485474,0.23439820110797882,0.0005
827,0.004586510360240936,0.23573298752307892,0.0005
828,0.004539813846349716,0.2353326976299286,0.0005
829,0.004230931866914034,0.23530960083007812,0.0005
830,0.004250041209161282,0.23748429119586945,0.0005
831,0.005135086830705404,0.234930619597435,0.0005
832,0.005649358965456486,0.23414699733257294,0.0005
833,0.005311537068337202,0.23307502269744873,0.0005
834,0.005904722027480602,0.23676767945289612,0.0005
835,0.006270885933190584,0.23492708802223206,0.0005
836,0.005712882615625858,0.23679479956626892,0.0005
837,0.005853994749486446,0.23659616708755493,0.0005
838,0.007909427396953106,0.2278091013431549,0.0005
839,0.01058383472263813,0.23655608296394348,0.0005
840,0.010910503566265106,0.22972151637077332,0.0005
841,0.011080044321715832,0.23111553490161896,0.0005
842,0.009054511785507202,0.22865130007266998,0.0005
843,0.007789622526615858,0.23216941952705383,0.0005
844,0.006788863334804773,0.23148229718208313,0.0005
845,0.00596700981259346,0.23089799284934998,0.0005
846,0.005317604169249535,0.2313240021467209,0.0005
847,0.005449737422168255,0.23336254060268402,0.0005
848,0.004839608445763588,0.23481521010398865,0.0005
849,0.005349625367671251,0.23416808247566223,0.0005
850,0.0054579549469053745,0.2307707965373993,0.0005
851,0.0071351053193211555,0.23482465744018555,0.0005
852,0.006458242889493704,0.23322804272174835,0.0005
853,0.005868584383279085,0.234127014875412,0.0005
854,0.005736854393035173,0.23305028676986694,0.0005
855,0.004867352079600096,0.23461824655532837,0.0005
856,0.004262477159500122,0.23356719315052032,0.0005
857,0.003945503383874893,0.23736681044101715,0.0005
858,0.0040221307426691055,0.2349747121334076,0.0005
859,0.004070131573826075,0.237508162856102,0.0005
860,0.004603499546647072,0.23525923490524292,0.0005
861,0.004285526927560568,0.23578433692455292,0.0005
862,0.003937248606234789,0.23401138186454773,0.0005
863,0.0037608882412314415,0.2348397821187973,0.0005
864,0.003814094699919224,0.23701520264148712,0.0005
865,0.0038448399864137173,0.23484110832214355,0.0005
866,0.003740727435797453,0.23767335712909698,0.0005
867,0.0037667369470000267,0.2370530068874359,0.0005
868,0.004068615380674601,0.23635485768318176,0.0005
869,0.004115007352083921,0.23517999053001404,0.0005
870,0.0038975223433226347,0.23538480699062347,0.0005
871,0.004019331187009811,0.237103670835495,0.0005
872,0.004163242410868406,0.23419809341430664,0.0005
873,0.004002276808023453,0.23575924336910248,0.0005
874,0.004007160663604736,0.23576770722866058,0.0005
875,0.003953249659389257,0.23562228679656982,0.0005
876,0.003922943025827408,0.23759692907333374,0.0005
877,0.004111101385205984,0.235054150223732,0.0005
878,0.004017835948616266,0.23602436482906342,0.0005
879,0.0039983042515814304,0.23379619419574738,0.0005
880,0.0043728528544306755,0.23276455700397491,0.0005
881,0.004168021026998758,0.23447608947753906,0.0005
882,0.004434602800756693,0.2349761575460434,0.0005
883,0.004301448352634907,0.23661954700946808,0.0005
884,0.004287394694983959,0.23559312522411346,0.0005
885,0.0043057044968008995,0.23692283034324646,0.0005
886,0.0042585222981870174,0.23539437353610992,0.0005
887,0.004576575942337513,0.23641586303710938,0.0005
888,0.0045640114694833755,0.23418046534061432,0.0005
889,0.0045198192819952965,0.2348880022764206,0.0005
890,0.004476954694837332,0.23582588136196136,0.0005
891,0.004814517684280872,0.23982341587543488,0.0005
892,0.007750206161290407,0.23131684958934784,0.0005
893,0.010666894726455212,0.23423315584659576,0.0005
894,0.0160661768168211,0.22922760248184204,0.0005
895,0.029879583045840263,0.22369053959846497,0.0005
896,0.05370485037565231,0.20938828587532043,0.0005
897,0.0612955167889595,0.19748160243034363,0.0005
898,0.051573287695646286,0.2123795449733734,0.0005
899,0.03739987686276436,0.2172241359949112,0.0005
900,0.028799312189221382,0.22007057070732117,0.0005
901,0.02435074932873249,0.21282830834388733,0.0005
902,0.019177136942744255,0.22602005302906036,0.0005
903,0.0139224324375391,0.229130819439888,0.0005
904,0.011376184411346912,0.22972553968429565,0.0005
905,0.008423433639109135,0.23105396330356598,0.0005
906,0.00741643738001585,0.2285228818655014,0.0005
907,0.006422047503292561,0.23307932913303375,0.0005
908,0.006099899299442768,0.23199257254600525,0.0005
909,0.005413475446403027,0.23455412685871124,0.0005
910,0.004889036063104868,0.23417755961418152,0.0005
911,0.004817433189600706,0.2302996814250946,0.0005
912,0.0044889990240335464,0.23405729234218597,0.0005
913,0.004193296656012535,0.23332905769348145,0.0005
914,0.004050760064274073,0.23334060609340668,0.0005
915,0.0043951161205768585,0.2348085641860962,0.0005
916,0.004041283391416073,0.23440462350845337,0.0005
917,0.004042991437017918,0.23414993286132812,0.0005
918,0.003781008068472147,0.23477259278297424,0.0005
919,0.0036721692886203527,0.2346402406692505,0.0005
920,0.0039164358749985695,0.23441119492053986,0.0005
921,0.003668643767014146,0.23419150710105896,0.0005
922,0.006995160132646561,0.23678845167160034,0.0005
923,0.005316982977092266,0.23582984507083893,0.0005
924,0.004334988072514534,0.23592960834503174,0.0005
925,0.004186996724456549,0.23497499525547028,0.0005
926,0.003877950832247734,0.23596857488155365,0.0005
927,0.0038336783181875944,0.2339676022529602,0.0005
928,0.0041742403991520405,0.23191127181053162,0.0005
929,0.004285442177206278,0.2369137555360794,0.0005
930,0.005464400630444288,0.2309456318616867,0.0005
931,0.004655105993151665,0.23494064807891846,0.0005
932,0.004054843448102474,0.23506607115268707,0.0005
933,0.003985431510955095,0.23388956487178802,0.0005
934,0.004016955848783255,0.2329479306936264,0.0005
935,0.003907956648617983,0.23531794548034668,0.0005
936,0.004706500563770533,0.23119120299816132,0.0005
937,0.005823994521051645,0.23443779349327087,0.0005
938,0.0066224983893334866,0.23555709421634674,0.0005
939,0.0067940037697553635,0.23600566387176514,0.0005
940,0.005512749310582876,0.23622670769691467,0.0005
941,0.004912467207759619,0.23332223296165466,0.0005
942,0.004661484621465206,0.2329670786857605,0.0005
943,0.004227244295179844,0.232513889670372,0.0005
944,0.004586270544677973,0.23394717276096344,0.0005
945,0.004684255924075842,0.23466631770133972,0.0005
946,0.004519257694482803,0.23441889882087708,0.0005
947,0.004065727349370718,0.23433543741703033,0.0005
948,0.0040456377901136875,0.23540005087852478,0.0005
949,0.003732627723366022,0.2344856709241867,0.0005
950,0.003719497937709093,0.23520976305007935,0.0005
951,0.0041436562314629555,0.23758354783058167,0.0005
952,0.004486076068133116,0.23659159243106842,0.0005
953,0.004742896184325218,0.23696675896644592,0.0005
954,0.004321706481277943,0.23586337268352509,0.0005
955,0.004092816729098558,0.2387118637561798,0.0005
956,0.0060735843144357204,0.24330538511276245,0.0005
957,0.007101460359990597,0.23262815177440643,0.0005
958,0.005877664312720299,0.2366497665643692,0.0005
959,0.005274720024317503,0.23405513167381287,0.0005
960,0.005000986158847809,0.23849332332611084,0.0005
961,0.004548259079456329,0.2359161674976349,0.0005
962,0.004373311530798674,0.2333906590938568,0.0005
963,0.004057705868035555,0.23548533022403717,0.0005
964,0.003939835354685783,0.2374451756477356,0.0005
965,0.003934494219720364,0.2345348596572876,0.0005
966,0.004623806569725275,0.23458491265773773,0.0005
967,0.004916541278362274,0.2341618835926056,0.0005
968,0.005186296533793211,0.23627085983753204,0.0005
969,0.004766903817653656,0.23539280891418457,0.0005
970,0.004534605424851179,0.23514801263809204,0.0005
971,0.00465879263356328,0.2352210432291031,0.0005
972,0.0046196929179131985,0.23443721234798431,0.0005
973,0.005208424758166075,0.23079004883766174,0.0005
974,0.005128389690071344,0.23595763742923737,0.0005
975,0.005152584053575993,0.23328793048858643,0.0005
976,0.006448907312005758,0.23363399505615234,0.0005
977,0.0057669756934046745,0.23764640092849731,0.0005
978,0.00561829749494791,0.23564937710762024,0.0005
979,0.005361002404242754,0.23503153026103973,0.0005
980,0.005267426837235689,0.23360119760036469,0.0005
981,0.005091845989227295,0.23365221917629242,0.0005
982,0.005070598796010017,0.23293733596801758,0.0005
983,0.005201369058340788,0.23635254800319672,0.0005
984,0.0053084963001310825,0.2330092191696167,0.0005
985,0.005483699031174183,0.23594459891319275,0.0005
986,0.0058217584155499935,0.2352994978427887,0.0005
987,0.005447861272841692,0.23598289489746094,0.0005
988,0.005337726790457964,0.23427891731262207,0.0005
989,0.005136243999004364,0.2372109293937683,0.0005
990,0.005935415625572205,0.24232302606105804,0.0005
991,0.006751025561243296,0.23482300341129303,0.0005
992,0.01127580925822258,0.22755956649780273,0.0005
993,0.05066720023751259,0.20250362157821655,0.0005
994,0.06054333597421646,0.2036701738834381,0.0005
995,0.04931683838367462,0.21945595741271973,0.0005
996,0.03735551983118057,0.22192329168319702,0.0005
997,0.026426756754517555,0.23115187883377075,0.0005
998,0.018857818096876144,0.22535733878612518,0.0005
999,0.013915963470935822,0.22933906316757202,0.0005
1000,0.011286384426057339,0.22758497297763824,0.0005
1001,0.009895115159451962,0.23451758921146393,0.0005
1002,0.008188886567950249,0.2312505692243576,0.0005
1003,0.00863872654736042,0.23014582693576813,0.0005
1004,0.006505283061414957,0.23146435618400574,0.0005
1005,0.005461598746478558,0.23323722183704376,0.0005
1006,0.004964028485119343,0.2356230765581131,0.0005
1007,0.004684838000684977,0.23354928195476532,0.0005
1008,0.004635514225810766,0.23541578650474548,0.0005
1009,0.004195965360850096,0.2356741577386856,0.0005
1010,0.004043774213641882,0.23588258028030396,0.0005
1011,0.00425236439332366,0.2355038970708847,0.0005
1012,0.004118557553738356,0.23537544906139374,0.0005
1013,0.0038480686489492655,0.23525993525981903,0.0005
1014,0.003919399343430996,0.2356051504611969,0.0005
1015,0.003786394139751792,0.23537872731685638,0.0005
1016,0.003562954254448414,0.23586644232273102,0.0005
1017,0.003528461093083024,0.23692578077316284,0.0005
1018,0.0037008950021117926,0.237999826669693,0.0005
1019,0.0037452783435583115,0.23609280586242676,0.0005
1020,0.0034978180192410946,0.23568463325500488,0.0005
1021,0.0035865684039890766,0.23375511169433594,0.0005
1022,0.0035582473501563072,0.2353435605764389,0.0005
1023,0.0033672351855784655,0.2349761426448822,0.0005
1024,0.003555743023753166,0.23602750897407532,0.0005
1025,0.0034819317515939474,0.2347903847694397,0.0005
1026,0.003317643655464053,0.23422949016094208,0.0005
1027,0.003245204919949174,0.23542390763759613,0.0005
1028,0.00321733090095222,0.237008735537529,0.0005
1029,0.0034597888588905334,0.23689024150371552,0.0005
1030,0.0032945468556135893,0.23476262390613556,0.0005
1031,0.003700779750943184,0.23525816202163696,0.0005
1032,0.0036354297772049904,0.23538923263549805,0.0005
1033,0.0034388345666229725,0.23706747591495514,0.0005
1034,0.0039371587336063385,0.22851790487766266,0.0005
1035,0.007685055490583181,0.2325875163078308,0.0005
1036,0.0064856549724936485,0.23853245377540588,0.0005
1037,0.005816856399178505,0.2342066466808319,0.0005
1038,0.0057055046781897545,0.23235908150672913,0.0005
1039,0.006032470613718033,0.23627834022045135,0.0005
1040,0.007299796212464571,0.2312162220478058,0.0005
1041,0.00697563961148262,0.23394793272018433,0.0005
1042,0.006293483544141054,0.23155437409877777,0.0005
1043,0.0072125522419810295,0.23365338146686554,0.0005
1044,0.008010136894881725,0.23558956384658813,0.0005
1045,0.0114786047488451,0.23174121975898743,0.0005
1046,0.013379519805312157,0.2293979674577713,0.0005
1047,0.011207319796085358,0.23554587364196777,0.0005
1048,0.010524011217057705,0.23029646277427673,0.0005
1049,0.01277451403439045,0.2300366312265396,0.0005
1050,0.01593642123043537,0.2292061597108841,0.0005
1051,0.014111155644059181,0.236250102519989,0.0005
1052,0.01208909135311842,0.23495714366436005,0.0005
1053,0.011122484691441059,0.2333635687828064,0.0005
1054,0.013344687409698963,0.22819913923740387,0.0005
1055,0.013634528033435345,0.22952556610107422,0.0005
1056,0.01857658289372921,0.2316783368587494,0.0005
1057,0.016609007492661476,0.2350338101387024,0.0005
1058,0.014671098440885544,0.2278171181678772,0.0005
1059,0.01335166022181511,0.23465877771377563,0.0005
1060,0.00929806288331747,0.2321576327085495,0.0005
1061,0.006604470312595367,0.2315913885831833,0.0005
1062,0.006297730840742588,0.23060131072998047,0.0005
1063,0.0075541031546890736,0.2348950356245041,0.0005
1064,0.005888836923986673,0.2310531735420227,0.0005
1065,0.005005980376154184,0.23557856678962708,0.0005
1066,0.005067804828286171,0.2303738296031952,0.0005
1067,0.004649661481380463,0.23561233282089233,0.0005
1068,0.004632939118891954,0.23487180471420288,0.0005
1069,0.004656484816223383,0.23367062211036682,0.0005
1070,0.004286047536879778,0.2335132211446762,0.0005
1071,0.004201906733214855,0.2334834635257721,0.0005
1072,0.004050809890031815,0.2333173155784607,0.0005
1073,0.0045098005793988705,0.23515577614307404,0.0005
1074,0.004166395403444767,0.23345398902893066,0.0005
1075,0.003917698282748461,0.2345655858516693,0.0005
1076,0.003423401154577732,0.23559926450252533,0.0005
1077,0.003532303962856531,0.2355123609304428,0.0005
1078,0.005540136713534594,0.23276031017303467,0.0005
1079,0.0045402939431369305,0.23626402020454407,0.0005
1080,0.00408495357260108,0.23456411063671112,0.0005
1081,0.003953322768211365,0.23415938019752502,0.0005
1082,0.0036317312624305487,0.2353099137544632,0.0005
1083,0.0034344822634011507,0.23592419922351837,0.0005
1084,0.008821663446724415,0.23186418414115906,0.0005
1085,0.0241739209741354,0.2267969399690628,0.0005
1086,0.020405426621437073,0.2253413051366806,0.0005
1087,0.015209455974400043,0.2313118278980255,0.0005
1088,0.011411415413022041,0.23408609628677368,0.0005
1089,0.012361987493932247,0.24004550278186798,0.0005
1090,0.010128090158104897,0.22942276298999786,0.0005
1091,0.008813714608550072,0.23320434987545013,0.0005
1092,0.007781910710036755,0.23295380175113678,0.0005
1093,0.00808201264590025,0.23478655517101288,0.0005
1094,0.006938078906387091,0.23298583924770355,0.0005
1095,0.006105262786149979,0.23284490406513214,0.0005
1096,0.005044803023338318,0.2328096181154251,0.0005
1097,0.00477423332631588,0.23247578740119934,0.0005
1098,0.004429096821695566,0.2321685403585434,0.0005
1099,0.003957311622798443,0.23506450653076172,0.0005
1100,0.0039084251038730145,0.23482632637023926,0.0005
1101,0.003746072296053171,0.23571403324604034,0.0005
1102,0.003632202045992017,0.23498819768428802,0.0005
1103,0.004489433486014605,0.2343759536743164,0.0005
1104,0.003757190890610218,0.23514898121356964,0.0005
1105,0.003571026027202606,0.2346552163362503,0.0005
1106,0.00395096093416214,0.23470152914524078,0.0005
1107,0.004010810051113367,0.2332576960325241,0.0005
1108,0.0034748991020023823,0.23520822823047638,0.0005
1109,0.003293415531516075,0.2354571670293808,0.0005
1110,0.003246572334319353,0.23365969955921173,0.0005
1111,0.0031366769690066576,0.23500150442123413,0.0005
1112,0.003004544647410512,0.23541483283042908,0.0005
1113,0.002967303153127432,0.23572158813476562,0.0005
1114,0.0029661105945706367,0.23516708612442017,0.0005
1115,0.0029514841735363007,0.23545747995376587,0.0005
1116,0.0031096208840608597,0.23248876631259918,0.0005
1117,0.004081584978848696,0.24443399906158447,0.0005
1118,0.007417051587253809,0.23502688109874725,0.0005
1119,0.007277593482285738,0.2333783656358719,0.0005
1120,0.006619075778871775,0.23557688295841217,0.0005
1121,0.005400040652602911,0.2360503375530243,0.0005
1122,0.004774684086441994,0.23208148777484894,0.0005
1123,0.005085580516606569,0.23125296831130981,0.0005
1124,0.004800040740519762,0.23473182320594788,0.0005
1125,0.005321424454450607,0.23845204710960388,0.0005
1126,0.0049980818293988705,0.23444172739982605,0.0005
1127,0.004392122384160757,0.23298873007297516,0.0005
1128,0.006503229960799217,0.23198536038398743,0.0005
1129,0.019329877570271492,0.22771157324314117,0.0005
1130,0.024128515273332596,0.2302984595298767,0.0005
1131,0.023453239351511,0.22446787357330322,0.0005
1132,0.02648959495127201,0.22599871456623077,0.0005
1133,0.021713828667998314,0.23370672762393951,0.0005
1134,0.01555315125733614,0.23640194535255432,0.0005
1135,0.014736405573785305,0.22651831805706024,0.0005
1136,0.013710642233490944,0.23198014497756958,0.0005
1137,0.012109369039535522,0.2373337745666504,0.0005
1138,0.011504337191581726,0.23650115728378296,0.0005
1139,0.013228732161223888,0.22998519241809845,0.0005
1140,0.013743538409471512,0.22917912900447845,0.0005
1141,0.014038817957043648,0.23389239609241486,0.0005
1142,0.017599083483219147,0.22461365163326263,0.0005
1143,0.013992421329021454,0.22977475821971893,0.0005
1144,0.009820256382226944,0.23334655165672302,0.0005
1145,0.008190426044166088,0.23617669939994812,0.0005
1146,0.00756000867113471,0.23302927613258362,0.0005
1147,0.006031225901097059,0.23606300354003906,0.0005
1148,0.004754833877086639,0.23408342897891998,0.0005
1149,0.004517191089689732,0.23625411093235016,0.0005
1150,0.003841287223622203,0.23537398874759674,0.0005
1151,0.004840980749577284,0.2351170927286148,0.0005
1152,0.004136970732361078,0.23397429287433624,0.0005
1153,0.0037561962381005287,0.23504005372524261,0.0005
1154,0.0040385788306593895,0.23594088852405548,0.0005
1155,0.0037972074933350086,0.23636817932128906,0.0005
1156,0.00402282178401947,0.2359553873538971,0.0005
1157,0.0035877933260053396,0.23390927910804749,0.0005
1158,0.0034788488410413265,0.235471710562706,0.0005
1159,0.00347266998142004,0.23816506564617157,0.0005
1160,0.0037611534353345633,0.23626843094825745,0.0005
1161,0.003399102482944727,0.23463645577430725,0.0005
1162,0.00328176561743021,0.2347804456949234,0.0005
1163,0.0034845825284719467,0.23417654633522034,0.0005
1164,0.003309202380478382,0.23539641499519348,0.0005
1165,0.003100824076682329,0.23553434014320374,0.0005
1166,0.0031455361749976873,0.23475131392478943,0.0005
1167,0.003297666786238551,0.2355378419160843,0.0005
1168,0.0030196397565305233,0.2360125482082367,0.0005
1169,0.0030093893874436617,0.23596754670143127,0.0005
1170,0.0032894753385335207,0.2354951947927475,0.0005
1171,0.003126441268250346,0.23652899265289307,0.0005
1172,0.0030628612730652094,0.23542854189872742,0.0005
1173,0.00306637748144567,0.23584775626659393,0.0005
1174,0.002938126213848591,0.23624898493289948,0.0005
1175,0.0029106484726071358,0.2347882241010666,0.0005
1176,0.0035060958471149206,0.23613008856773376,0.0005
1177,0.003300399985164404,0.23590435087680817,0.0005
1178,0.003104848088696599,0.2367056906223297,0.0005
1179,0.0031001721508800983,0.23651663959026337,0.0005
1180,0.0029837661422789097,0.23675432801246643,0.0005
1181,0.003217654535546899,0.23554065823554993,0.0005
1182,0.0031717950478196144,0.2360486090183258,0.0005
1183,0.0030916407704353333,0.2348618358373642,0.0005
1184,0.0030361462850123644,0.23599223792552948,0.0005
1185,0.003098571440204978,0.23554503917694092,0.0005
1186,0.003407564712688327,0.23558205366134644,0.0005
1187,0.0032466009724885225,0.23600536584854126,0.0005
1188,0.003259688848629594,0.23530715703964233,0.0005
1189,0.003239536890760064,0.23478738963603973,0.0005
1190,0.003182137617841363,0.23538990318775177,0.0005
1191,0.003517533652484417,0.2360062599182129,0.0005
1192,0.0033020295668393373,0.2358335256576538,0.0005
1193,0.0032761513721197844,0.23468776047229767,0.0005
1194,0.003371686674654484,0.2363719642162323,0.0005
1195,0.0032171958591789007,0.23753558099269867,0.0005
1196,0.0033232192508876324,0.23532648384571075,0.0005
1197,0.003261319361627102,0.23778192698955536,0.0005
1198,0.003461642423644662,0.2353924959897995,0.0005
1199,0.0034058578312397003,0.23559270799160004,0.0005
1200,0.0034447575453668833,0.23555710911750793,0.0005
1201,0.0035654378589242697,0.237643301486969,0.0005
1202,0.003684297436848283,0.235612154006958,0.0005
1203,0.0036230823025107384,0.23580437898635864,0.0005
1204,0.0037365939933806658,0.23488694429397583,0.0005
1205,0.003872794331982732,0.2358034998178482,0.0005
1206,0.0036750263534486294,0.23504921793937683,0.0005
1207,0.00406142370775342,0.23693378269672394,0.0005
1208,0.005299895536154509,0.23499219119548798,0.0005
1209,0.00537254149094224,0.2311881184577942,0.0005
1210,0.005134642589837313,0.23801246285438538,0.0005
1211,0.004457852803170681,0.23442290723323822,0.0005
1212,0.004499941598623991,0.23414570093154907,0.0005
1213,0.0055045816116034985,0.2346010059118271,0.0005
1214,0.005702568683773279,0.23622731864452362,0.0005
1215,0.005958273075520992,0.236628457903862,0.0005
1216,0.005864152684807777,0.2344178408384323,0.0005
1217,0.005571096204221249,0.23248884081840515,0.0005
1218,0.004991203546524048,0.23560523986816406,0.0005
1219,0.0044447556138038635,0.23861508071422577,0.0005
1220,0.004511158913373947,0.2358907163143158,0.0005
1221,0.0044035897590219975,0.23486611247062683,0.0005
1222,0.004570262972265482,0.23630128800868988,0.0005
1223,0.005703931208699942,0.2281310260295868,0.0005
1224,0.010614058002829552,0.22614194452762604,0.0005
1225,0.04127868637442589,0.21734528243541718,0.0005
1226,0.05839340016245842,0.2078094333410263,0.0005
1227,0.04458336532115936,0.2151108831167221,0.0005
1228,0.029801279306411743,0.21883973479270935,0.0005
1229,0.019187096506357193,0.22594721615314484,0.0005
1230,0.014142710715532303,0.22505636513233185,0.0005
1231,0.011852139607071877,0.23142462968826294,0.0005
1232,0.009774682112038136,0.23555225133895874,0.0005
1233,0.009737872518599033,0.23144622147083282,0.0005
1234,0.008798026479780674,0.23896954953670502,0.0005
1235,0.008217019028961658,0.23490069806575775,0.0005
1236,0.00807538814842701,0.23580476641654968,0.0005
1237,0.008478833362460136,0.23582962155342102,0.0005
1238,0.012605837546288967,0.2345082014799118,0.0005
1239,0.0101963235065341,0.23087874054908752,0.0005
1240,0.007620566058903933,0.23322924971580505,0.0005
1241,0.005996398162096739,0.23475922644138336,0.0005
1242,0.0057821315713226795,0.23173853754997253,0.0005
1243,0.005005322862416506,0.2343810796737671,0.0005
1244,0.004390794783830643,0.23391781747341156,0.0005
1245,0.00490424782037735,0.23550567030906677,0.0005
1246,0.004858817905187607,0.23547571897506714,0.0005
1247,0.004659178201109171,0.23389291763305664,0.0005
1248,0.004530360922217369,0.23785465955734253,0.0005
1249,0.004090292379260063,0.23529572784900665,0.0005
1250,0.004231560975313187,0.23543761670589447,0.0005
1251,0.0037915664725005627,0.2364438772201538,0.0005
1252,0.0036355508491396904,0.23700015246868134,0.0005
1253,0.003444406669586897,0.23504717648029327,0.0005
1254,0.00329579203389585,0.23511703312397003,0.0005
1255,0.003298658411949873,0.23593880236148834,0.0005
1256,0.0032013908494263887,0.23565073311328888,0.0005
1257,0.003984530922025442,0.23504284024238586,0.0005
1258,0.003976945765316486,0.2366485744714737,0.0005
1259,0.003386391792446375,0.2352139800786972,0.0005
1260,0.0031549078412353992,0.23492980003356934,0.0005
1261,0.003211284289136529,0.23388272523880005,0.0005
1262,0.003295110072940588,0.23702320456504822,0.0005
1263,0.003972147591412067,0.23616713285446167,0.0005
1264,0.008393026888370514,0.23822657763957977,0.0005
1265,0.006478253286331892,0.23726053535938263,0.0005
1266,0.005440506152808666,0.23377718031406403,0.0005
1267,0.004573699552565813,0.23208574950695038,0.0005
1268,0.0050926003605127335,0.23545749485492706,0.0005
1269,0.004157087299972773,0.23249419033527374,0.0005
1270,0.0037950279656797647,0.23682241141796112,0.0005
1271,0.003708120435476303,0.2384817749261856,0.0005
1272,0.003724531037732959,0.23620672523975372,0.0005
1273,0.0034384550526738167,0.23497436940670013,0.0005
1274,0.0033801852259784937,0.2364444136619568,0.0005
1275,0.0033805877901613712,0.23591800034046173,0.0005
1276,0.0033483162987977266,0.23615561425685883,0.0005
1277,0.003176214173436165,0.235408753156662,0.0005
1278,0.00302019901573658,0.23584310710430145,0.0005
1279,0.00456442404538393,0.23529969155788422,0.0005
1280,0.004926174413412809,0.23543624579906464,0.0005
1281,0.0042996094562113285,0.23397822678089142,0.0005
1282,0.003910894971340895,0.23469655215740204,0.0005
1283,0.003582259174436331,0.23888228833675385,0.0005
1284,0.0033848490566015244,0.23469707369804382,0.0005
1285,0.0037783209700137377,0.23622943460941315,0.0005
1286,0.0033019138500094414,0.23582139611244202,0.0005
1287,0.0032425839453935623,0.237335667014122,0.0005
1288,0.0033836751244962215,0.23560968041419983,0.0005
1289,0.0034039211459457874,0.23719504475593567,0.0005
1290,0.0032408512197434902,0.2353595793247223,0.0005
1291,0.0032887705601751804,0.2369103729724884,0.0005
1292,0.0031190156005322933,0.23535102605819702,0.0005
1293,0.0029748433735221624,0.23424498736858368,0.0005
1294,0.0030157696455717087,0.2358325868844986,0.0005
1295,0.002871736651286483,0.23538550734519958,0.0005
1296,0.003088874975219369,0.23860926926136017,0.0005
1297,0.003158527659252286,0.23691053688526154,0.0005
1298,0.0030461119022220373,0.23690035939216614,0.0005
1299,0.0029973655473440886,0.23582056164741516,0.0005
1300,0.0034137605689466,0.2350035160779953,0.0005
1301,0.0032737005967646837,0.23559220135211945,0.0005
1302,0.0030763805843889713,0.23620927333831787,0.0005
1303,0.003052324987947941,0.2371325045824051,0.0005
1304,0.0033816464710980654,0.2354975789785385,0.0005
1305,0.0036600271705538034,0.23833568394184113,0.0005
1306,0.0038779140450060368,0.23591111600399017,0.0005
1307,0.0035317654255777597,0.23598571121692657,0.0005
1308,0.0034539334010332823,0.23816736042499542,0.0005
1309,0.0036043974105268717,0.2352733314037323,0.0005
1310,0.003429566975682974,0.23718950152397156,0.0005
1311,0.003527766792103648,0.23519766330718994,0.0005
1312,0.003530233632773161,0.23720762133598328,0.0005
1313,0.003410997102037072,0.23524907231330872,0.0005
1314,0.004606153815984726,0.22881492972373962,0.0005
1315,0.00916262622922659,0.23633144795894623,0.0005
1316,0.008718895725905895,0.23362310230731964,0.0005
1317,0.00883654784411192,0.23965448141098022,0.0005
1318,0.007536350749433041,0.23390601575374603,0.0005
1319,0.0069881705567240715,0.2414092719554901,0.0005
1320,0.018492229282855988,0.23169797658920288,0.0005
1321,0.0375945121049881,0.2142920196056366,0.0005
1322,0.0373394675552845,0.2152395248413086,0.0005
1323,0.03289536386728287,0.2121003121137619,0.0005
1324,0.025687657296657562,0.22354935109615326,0.0005
1325,0.0174899622797966,0.22610163688659668,0.0005
1326,0.01352471113204956,0.23177333176136017,0.0005
1327,0.013258094899356365,0.23202815651893616,0.0005
1328,0.015201213769614697,0.22845299541950226,0.0005
1329,0.010966164991259575,0.23495283722877502,0.0005
1330,0.010105257853865623,0.22607743740081787,0.0005
1331,0.009054378606379032,0.23442865908145905,0.0005
1332,0.006819219794124365,0.23303252458572388,0.0005
1333,0.005666762124747038,0.23285213112831116,0.0005
1334,0.0049411458894610405,0.23481424152851105,0.0005
1335,0.004192362539470196,0.23564110696315765,0.0005
1336,0.0039000825490802526,0.2344299703836441,0.0005
1337,0.0036936879623681307,0.23487365245819092,0.0005
1338,0.0038413864094763994,0.23699010908603668,0.0005
1339,0.003672078251838684,0.2351195216178894,0.0005
1340,0.003518117591738701,0.2349696010351181,0.0005
1341,0.0032921794336289167,0.23521535098552704,0.0005
1342,0.0032371236011385918,0.23508375883102417,0.0005
1343,0.0031210777815431356,0.23503881692886353,0.0005
1344,0.0030746080446988344,0.23566631972789764,0.0005
1345,0.002974278526380658,0.2356760948896408,0.0005
1346,0.002984715858474374,0.23544000089168549,0.0005
1347,0.0028315626550465822,0.23671738803386688,0.0005
1348,0.0030537915881723166,0.23397067189216614,0.0005
1349,0.0033006437588483095,0.2355947047472,0.0005
1350,0.003093697363510728,0.2359122335910797,0.0005
1351,0.003004380501806736,0.23673170804977417,0.0005
1352,0.002969372319057584,0.23430956900119781,0.0005
1353,0.0030201489571481943,0.2357567846775055,0.0005
1354,0.0029333599377423525,0.23726895451545715,0.0005
1355,0.00300931790843606,0.2371588796377182,0.0005
1356,0.0029057690408080816,0.23572495579719543,0.0005
1357,0.002932525472715497,0.23572605848312378,0.0005
1358,0.003005432430654764,0.2357940971851349,0.0005
1359,0.002822140697389841,0.23654817044734955,0.0005
1360,0.002787346951663494,0.2375202775001526,0.0005
1361,0.0028507679235190153,0.23578490316867828,0.0005
1362,0.0026909757871180773,0.23596560955047607,0.0005
1363,0.003129163756966591,0.23632051050662994,0.0005
1364,0.0028182831592857838,0.2363606095314026,0.0005
1365,0.0028060374315828085,0.23564329743385315,0.0005
1366,0.0031739387195557356,0.23529748618602753,0.0005
1367,0.002836385276168585,0.23672336339950562,0.0005
1368,0.002865332178771496,0.23733071982860565,0.0005
1369,0.0030102815944701433,0.2360585629940033,0.0005
1370,0.002889142371714115,0.236466646194458,0.0005
1371,0.0027849513571709394,0.23691298067569733,0.0005
1372,0.003069682978093624,0.23648978769779205,0.0005
1373,0.002900090767070651,0.2370806783437729,0.0005
1374,0.002996185328811407,0.23291626572608948,0.0005
1375,0.0030039933044463396,0.23538295924663544,0.0005
1376,0.0028976155444979668,0.23642046749591827,0.0005
1377,0.002897938247770071,0.23610766232013702,0.0005
1378,0.0029756699223071337,0.2357778400182724,0.0005
1379,0.003112774807959795,0.23536375164985657,0.0005
1380,0.0030150185339152813,0.23636159300804138,0.0005
1381,0.003184601664543152,0.23688505589962006,0.0005
1382,0.0031589430291205645,0.23615384101867676,0.0005
1383,0.003147860523313284,0.2365678995847702,0.0005
1384,0.003254288574680686,0.23774704337120056,0.0005
1385,0.0034140986390411854,0.2359779328107834,0.0005
1386,0.0032509497832506895,0.23733267188072205,0.0005
1387,0.0031566217076033354,0.23653866350650787,0.0005
1388,0.0034316254314035177,0.2362123727798462,0.0005
1389,0.003267527325078845,0.23386327922344208,0.0005
1390,0.0033680316992104053,0.23760488629341125,0.0005
1391,0.0034012580290436745,0.23536503314971924,0.0005
1392,0.0035437645856291056,0.23516052961349487,0.0005
1393,0.003787725931033492,0.23566873371601105,0.0005
1394,0.003540022997185588,0.2374608814716339,0.0005
1395,0.0034136525355279446,0.23651108145713806,0.0005
1396,0.0033692538272589445,0.23744799196720123,0.0005
1397,0.0033363266848027706,0.23668116331100464,0.0005
1398,0.0033176206052303314,0.23669345676898956,0.0005
1399,0.003298877039924264,0.23656344413757324,0.0005
1400,0.003166725393384695,0.23574820160865784,0.0005
1401,0.003424158552661538,0.23692388832569122,0.0005
1402,0.00341894943267107,0.23558558523654938,0.0005
1403,0.0033855854999274015,0.23620356619358063,0.0005
1404,0.0036369843874126673,0.23652641475200653,0.0005
1405,0.003595181042328477,0.23581336438655853,0.0005
1406,0.003537774318829179,0.2367972880601883,0.0005
1407,0.003454972757026553,0.2370021492242813,0.0005
1408,0.0035912238527089357,0.2375020682811737,0.0005
1409,0.0036252918653190136,0.2364366501569748,0.0005
1410,0.0037786501925438643,0.23730424046516418,0.0005
1411,0.0036952709779143333,0.23827077448368073,0.0005
1412,0.0037593392189592123,0.2374216914176941,0.0005
1413,0.0039024639409035444,0.23679615557193756,0.0005
1414,0.0038894331082701683,0.2367495894432068,0.0005
1415,0.004025052301585674,0.236827090382576,0.0005
1416,0.015382157638669014,0.23206740617752075,0.0005
1417,0.04205035790801048,0.22558455169200897,0.0005
1418,0.04399384930729866,0.22161920368671417,0.0005
1419,0.04085862636566162,0.20892176032066345,0.0005
1420,0.030989987775683403,0.22055113315582275,0.0005
1421,0.0244631078094244,0.23436349630355835,0.0005
1422,0.01871705986559391,0.22986361384391785,0.0005
1423,0.015349971130490303,0.23360002040863037,0.0005
1424,0.01496534701436758,0.22597700357437134,0.0005
1425,0.012284721247851849,0.22736215591430664,0.0005
1426,0.0087666604667902,0.23031818866729736,0.0005
1427,0.007180570624768734,0.22835814952850342,0.0005
1428,0.005470735020935535,0.2318294644355774,0.0005
1429,0.005343005992472172,0.23112069070339203,0.0005
1430,0.004848398733884096,0.23260390758514404,0.0005
1431,0.00433919345960021,0.2298285961151123,0.0005
1432,0.003815955249592662,0.23287969827651978,0.0005
1433,0.00360225816257298,0.23337654769420624,0.0005
1434,0.0037749577313661575,0.23040349781513214,0.0005
1435,0.0038458157796412706,0.23345410823822021,0.0005
1436,0.00363385328091681,0.23313193023204803,0.0005
1437,0.003560808952897787,0.23381437361240387,0.0005
1438,0.003476589685305953,0.23461879789829254,0.0005
1439,0.003261022036895156,0.2359941154718399,0.0005
1440,0.003903753589838743,0.2351885288953781,0.0005
1441,0.0034822619054466486,0.23325276374816895,0.0005
1442,0.003257791744545102,0.23450139164924622,0.0005
1443,0.003221592865884304,0.2341686338186264,0.0005
1444,0.002975713461637497,0.23424285650253296,0.0005
1445,0.002863073255866766,0.23519141972064972,0.0005
1446,0.002789384452626109,0.23376168310642242,0.0005
1447,0.0028214026242494583,0.23249194025993347,0.0005
1448,0.003511471673846245,0.23447586596012115,0.0005
1449,0.0030298372730612755,0.2345726042985916,0.0005
1450,0.0028224806301295757,0.23448026180267334,0.0005
1451,0.002767670899629593,0.23425035178661346,0.0005
1452,0.0028099538758397102,0.23429787158966064,0.0005
1453,0.0028758517000824213,0.2336694747209549,0.0005
1454,0.002830878598615527,0.23508933186531067,0.0005
1455,0.0027980084996670485,0.23446695506572723,0.0005
1456,0.002858704887330532,0.23434388637542725,0.0005
1457,0.002747766673564911,0.23510296642780304,0.0005
1458,0.0027672082651406527,0.23454999923706055,0.0005
1459,0.0027626645751297474,0.23531107604503632,0.0005
1460,0.002771591069176793,0.2344125509262085,0.0005
1461,0.002737688133493066,0.23592223227024078,0.0005
1462,0.0029685916379094124,0.2345922589302063,0.0005
1463,0.0030737260822206736,0.23423679172992706,0.0005
1464,0.002802586182951927,0.23465929925441742,0.0005
1465,0.00512898713350296,0.22406943142414093,0.0005
1466,0.013332579284906387,0.2357337325811386,0.0005
1467,0.009834345430135727,0.23429834842681885,0.0005
1468,0.0071662780828773975,0.23365172743797302,0.0005
1469,0.006418788805603981,0.23600304126739502,0.0005
1470,0.00682945316657424,0.23348484933376312,0.0005
1471,0.0056581986136734486,0.23737280070781708,0.0005
1472,0.004792722407728434,0.23124520480632782,0.0005
1473,0.004389595706015825,0.23457267880439758,0.0005
1474,0.003790938062593341,0.23622742295265198,0.0005
1475,0.003525475272908807,0.23524346947669983,0.0005
1476,0.0031722576823085546,0.2339419424533844,0.0005
1477,0.0031941269990056753,0.236831933259964,0.0005
1478,0.0030314433388412,0.23459240794181824,0.0005
1479,0.003113368060439825,0.2351611703634262,0.0005
1480,0.00278290337882936,0.23657600581645966,0.0005
1481,0.002818353706970811,0.2370806336402893,0.0005
1482,0.0029411385767161846,0.23728729784488678,0.0005
1483,0.0028649428859353065,0.23614025115966797,0.0005
1484,0.0027099556755274534,0.23560035228729248,0.0005
1485,0.002761246869340539,0.23404346406459808,0.0005
1486,0.002911884104833007,0.2349870204925537,0.0005
1487,0.0026598211843520403,0.2368273288011551,0.0005
1488,0.0033330621663480997,0.2333288937807083,0.0005
1489,0.003601210191845894,0.23568707704544067,0.0005
1490,0.0036438421811908484,0.2362864464521408,0.0005
1491,0.003120461478829384,0.23624663054943085,0.0005
1492,0.002845107577741146,0.235972598195076,0.0005
1493,0.003150949254631996,0.2284097671508789,0.0005
1494,0.0052491966634988785,0.23488295078277588,0.0005
1495,0.005911709740757942,0.23628297448158264,0.0005
1496,0.0051203505136072636,0.23576822876930237,0.0005
1497,0.006137491203844547,0.23843738436698914,0.0005
1498,0.006097311154007912,0.2345612645149231,0.0005
1499,0.005029608495533466,0.23398573696613312,0.0005
1500,0.005065299570560455,0.2348587065935135,0.0005
1501,0.005363416858017445,0.23475272953510284,0.0005
1502,0.005682120565325022,0.23327511548995972,0.0005
1503,0.00556998560205102,0.23899586498737335,0.0005
1504,0.00802246481180191,0.2363937348127365,0.0005
1505,0.00783676840364933,0.2397075742483139,0.0005
1506,0.01268913596868515,0.23693424463272095,0.0005
1507,0.01609709858894348,0.2249762862920761,0.0005
1508,0.018600814044475555,0.22903163731098175,0.0005
1509,0.015437555499374866,0.23107050359249115,0.0005
1510,0.015394231304526329,0.23309515416622162,0.0005
1511,0.011534973978996277,0.23063142597675323,0.0005
1512,0.011465373449027538,0.22244791686534882,0.0005
1513,0.011251206509768963,0.23516039550304413,0.0005
1514,0.014413666911423206,0.23171892762184143,0.0005
1515,0.014829898253083229,0.22873657941818237,0.0005
1516,0.015358872711658478,0.2318270206451416,0.0005
1517,0.015107518061995506,0.23004990816116333,0.0005
1518,0.015193229541182518,0.22839151322841644,0.0005
1519,0.011834584176540375,0.23378387093544006,0.0005
1520,0.00841457862406969,0.23284569382667542,0.0005
1521,0.00634355191141367,0.23295949399471283,0.0005
1522,0.006939976010471582,0.2377588450908661,0.0005
1523,0.009082530625164509,0.23266714811325073,0.0005
1524,0.007496412377804518,0.23513811826705933,0.0005
1525,0.0060722241178154945,0.23301781713962555,0.0005
1526,0.004722367040812969,0.23293469846248627,0.0005
1527,0.005248339846730232,0.23230834305286407,0.0005
1528,0.00629958463832736,0.2336471974849701,0.0005
1529,0.006303275469690561,0.23056533932685852,0.0005
1530,0.0062239691615104675,0.23407690227031708,0.0005
1531,0.004760216921567917,0.23390346765518188,0.0005
1532,0.0039006599690765142,0.23334501683712006,0.0005
1533,0.003678287612274289,0.23573856055736542,0.0005
1534,0.0034708785824477673,0.23540891706943512,0.0005
1535,0.0031840635929256678,0.23452699184417725,0.0005
1536,0.0032740295864641666,0.23395028710365295,0.0005
1537,0.0032667184714227915,0.2336486577987671,0.0005
1538,0.0036331021692603827,0.2354898601770401,0.0005
1539,0.003409294644370675,0.23425181210041046,0.0005
1540,0.0030220537446439266,0.23426225781440735,0.0005
1541,0.003067536512389779,0.235148087143898,0.0005
1542,0.0028554066084325314,0.23510387539863586,0.0005
1543,0.0028051298577338457,0.23402400314807892,0.0005
1544,0.0033122296445071697,0.23668798804283142,0.0005
1545,0.002950935158878565,0.23502638936042786,0.0005
1546,0.002863180125132203,0.23510222136974335,0.0005
1547,0.0029308386147022247,0.23439860343933105,0.0005
1548,0.0030779531225562096,0.23451615869998932,0.0005
1549,0.003936427645385265,0.23693624138832092,0.0005
1550,0.0033856763038784266,0.23550866544246674,0.0005
1551,0.003231893526390195,0.2373388260602951,0.0005
1552,0.0031057975720614195,0.23651523888111115,0.0005
1553,0.0029722382314503193,0.23467068374156952,0.0005
1554,0.002729023341089487,0.23578839004039764,0.0005
1555,0.003058804664760828,0.2345147579908371,0.0005
1556,0.0033368514850735664,0.23358067870140076,0.0005
1557,0.004276835825294256,0.23546534776687622,0.0005
1558,0.004741871263831854,0.23651623725891113,0.0005
1559,0.004600245039910078,0.23415406048297882,0.0005
1560,0.003731164848431945,0.23491820693016052,0.0005
1561,0.00332830217666924,0.23494498431682587,0.0005
1562,0.0033417243976145983,0.2357039898633957,0.0005
1563,0.0034315360244363546,0.2383120357990265,0.0005
1564,0.003925497177988291,0.23736116290092468,0.0005
1565,0.0044594076462090015,0.2341468185186386,0.0005
1566,0.0050340685993433,0.2393290251493454,0.0005
1567,0.006500022020190954,0.23607122898101807,0.0005
1568,0.004776654299348593,0.2349918633699417,0.0005
1569,0.0038424115628004074,0.2357746660709381,0.0005
1570,0.003651365404948592,0.23301172256469727,0.0005
1571,0.003997994586825371,0.23473937809467316,0.0005
1572,0.0036883188877254725,0.23302008211612701,0.0005
1573,0.004529115278273821,0.23517215251922607,0.0005
1574,0.004376428667455912,0.236504465341568,0.0005
1575,0.003492813790217042,0.23605132102966309,0.0005
1576,0.00341237336397171,0.23535721004009247,0.0005
1577,0.0031415591947734356,0.23542316257953644,0.0005
1578,0.0029940935783088207,0.23747968673706055,0.0005
1579,0.0031694502104073763,0.23547743260860443,0.0005
1580,0.003196251578629017,0.2363952100276947,0.0005
1581,0.0036959347780793905,0.2329552173614502,0.0005
1582,0.003754412056878209,0.23663654923439026,0.0005
1583,0.0034613951575011015,0.2361910492181778,0.0005
1584,0.003082744311541319,0.23476767539978027,0.0005
1585,0.0032015203032642603,0.23557178676128387,0.0005
1586,0.0029247356578707695,0.23717716336250305,0.0005
1587,0.0029407867696136236,0.23773007094860077,0.0005
1588,0.003017008537426591,0.2362128645181656,0.0005
1589,0.0027968590147793293,0.23585699498653412,0.0005
1590,0.002770761027932167,0.23737284541130066,0.0005
1591,0.0030320468358695507,0.23566365242004395,0.0005
1592,0.0027937537524849176,0.23706136643886566,0.0005
1593,0.0028963240329176188,0.23537041246891022,0.0005
1594,0.002924511441960931,0.23633958399295807,0.0005
1595,0.003186687594279647,0.2361525297164917,0.0005
1596,0.0030459368135780096,0.2356843650341034,0.0005
1597,0.0028573705349117517,0.2357836663722992,0.0005
1598,0.0028069501277059317,0.23535293340682983,0.0005
1599,0.003269786247983575,0.23974838852882385,0.0005
